{"type": "initial", "indices": [134, 395, 247, 308, 6, 477, 456, 58, 276, 27, 271, 115, 403, 187, 496, 169, 386, 76, 282, 21]}
{"type": "update", "theory": "(& (<= (+ (* (const real 78337.79756328874) (var real a)) (* (const real -116470.98001924496) (var real b)) (* (const real -3578.310320351888) (var real c)) (* (const real -80817.27497278021) (var real d)) (* (const real -26350.05042540476) (var real e))) (const real -42844.62244890378)) (<= (+ (* (const real 78337.79756328874) (var real a)) (* (const real -116470.98001924496) (var real b)) (* (const real -3578.310320351888) (var real c)) (* (const real -80817.27497278021) (var real d)) (* (const real -26350.05042540476) (var real e))) (const real -42844.62244890378)) (<= (+ (* (const real -4.391431246161402) (var real a)) (* (const real -3.241862859586017) (var real b)) (* (const real 9.986323238194135) (var real c)) (* (const real 13.40729708710741) (var real d)) (* (const real -13.73738395166614) (var real e))) (const real 2.375597455475134)))", "indices": [181], "solving_time": 1.1879920959472656, "selection_time": 0.16646504402160645}
{"type": "update", "theory": "(& (<= (+ (* (const real 156675.59512657748) (var real a)) (* (const real -232941.96003848992) (var real b)) (* (const real -7156.620640703776) (var real c)) (* (const real -161634.54994556043) (var real d)) (* (const real -52700.10085080952) (var real e))) (const real -85689.24489780756)) (<= (+ (* (const real -38.980394576744054) (var real a)) (* (const real -17.503338994257174) (var real b)) (* (const real 53.174406387612166) (var real c)) (* (const real 53.58804130163677) (var real d)) (* (const real -54.87791850777516) (var real e))) (const real 7.433443067448195)) (<= (+ (* (const real -30.682597163167394) (var real a)) (* (const real -14.387531029615811) (var real b)) (* (const real 27.33968267761883) (var real c)) (* (const real 32.52538698927574) (var real d)) (* (const real -48.678138397995745) (var real e))) (const real -7.549292736661915)))", "indices": [120], "solving_time": 0.575531005859375, "selection_time": 0.1660480499267578}
{"type": "update", "theory": "(& (<= (+ (* (const real 156675.59512657748) (var real a)) (* (const real -232941.96003848992) (var real b)) (* (const real -7156.620640703776) (var real c)) (* (const real -161634.54994556043) (var real d)) (* (const real -52700.10085080952) (var real e))) (const real -85689.24489780756)) (<= (+ (* (const real -54.61180607811959) (var real a)) (* (const real 6.773369181022269) (var real b)) (* (const real -10.234023855621373) (var real c)) (* (const real 12.712962082668941) (var real d)) (* (const real -6.625335367243519) (var real e))) (const real -17.390635549445122)) (<= (+ (* (const real -30.682597163167394) (var real a)) (* (const real -14.387531029615811) (var real b)) (* (const real 27.33968267761883) (var real c)) (* (const real 32.52538698927574) (var real d)) (* (const real -48.678138397995745) (var real e))) (const real -7.549292736661915)))", "indices": [464], "solving_time": 0.11024188995361328, "selection_time": 0.16664910316467285}
{"type": "update", "theory": "(& (<= (+ (* (const real 156675.59512657748) (var real a)) (* (const real -232941.96003848992) (var real b)) (* (const real -7156.620640703776) (var real c)) (* (const real -161634.54994556043) (var real d)) (* (const real -52700.10085080952) (var real e))) (const real -85689.24489780756)) (<= (+ (* (const real -54.61180607811959) (var real a)) (* (const real 6.773369181022269) (var real b)) (* (const real -10.234023855621373) (var real c)) (* (const real 12.712962082668941) (var real d)) (* (const real -6.625335367243519) (var real e))) (const real -17.390635549445122)) (<= (+ (* (const real 7.526673068515774) (var real a)) (* (const real -82.20921002932049) (var real b)) (* (const real 79.69939983189586) (var real c)) (* (const real -4.603165497576897) (var real d)) (* (const real -29.149808398782902) (var real e))) (const real 5.5482038184436355)))", "indices": [291], "solving_time": 0.21434593200683594, "selection_time": 0.16608166694641113}
{"type": "update", "theory": "(& (<= (+ (* (const real 156675.59512657748) (var real a)) (* (const real -232941.96003848992) (var real b)) (* (const real -7156.620640703776) (var real c)) (* (const real -161634.54994556043) (var real d)) (* (const real -52700.10085080952) (var real e))) (const real -85689.24489780756)) (<= (+ (* (const real -54.61180607811959) (var real a)) (* (const real 6.773369181022269) (var real b)) (* (const real -10.234023855621373) (var real c)) (* (const real 12.712962082668941) (var real d)) (* (const real -6.625335367243519) (var real e))) (const real -17.390635549445122)) (<= (+ (* (const real 48.43518449122033) (var real a)) (* (const real -73.25339755985293) (var real b)) (* (const real 255.6560615465826) (var real c)) (* (const real -88.3060753945676) (var real d)) (* (const real 25.22867342680602) (var real e))) (const real 133.518238928765)))", "indices": [158], "solving_time": 0.2413959503173828, "selection_time": 0.16930508613586426}
{"type": "update", "theory": "(& (<= (+ (* (const real 156675.59512657748) (var real a)) (* (const real -232941.96003848992) (var real b)) (* (const real -7156.620640703776) (var real c)) (* (const real -161634.54994556043) (var real d)) (* (const real -52700.10085080952) (var real e))) (const real -85689.24489780756)) (<= (+ (* (const real -54.61180607811959) (var real a)) (* (const real 6.773369181022269) (var real b)) (* (const real -10.234023855621373) (var real c)) (* (const real 12.712962082668941) (var real d)) (* (const real -6.625335367243519) (var real e))) (const real -17.390635549445122)) (<= (+ (* (const real 163.41410786869494) (var real a)) (* (const real -248.54973946082566) (var real b)) (* (const real 445.6841084425768) (var real c)) (* (const real -291.0957811070172) (var real d)) (* (const real 85.88412647339055) (var real e))) (const real 181.28532890191858)))", "indices": [17], "solving_time": 0.05731201171875, "selection_time": 0.1668400764465332}
{"type": "update", "theory": "(& (<= (+ (* (const real 156675.59512657748) (var real a)) (* (const real -232941.96003848992) (var real b)) (* (const real -7156.620640703776) (var real c)) (* (const real -161634.54994556043) (var real d)) (* (const real -52700.10085080952) (var real e))) (const real -85689.24489780756)) (<= (+ (* (const real -54.61180607811959) (var real a)) (* (const real 6.773369181022269) (var real b)) (* (const real -10.234023855621373) (var real c)) (* (const real 12.712962082668941) (var real d)) (* (const real -6.625335367243519) (var real e))) (const real -17.390635549445122)) (<= (+ (* (const real 76.76977568148055) (var real a)) (* (const real -88.89870828816747) (var real b)) (* (const real 154.52921654481327) (var real c)) (* (const real -108.32457749998626) (var real d)) (* (const real 17.53091366365684) (var real e))) (const real 62.12237168425104)))", "indices": [483], "solving_time": 0.08677887916564941, "selection_time": 0.16483211517333984}
{"type": "update", "theory": "(& (<= (+ (* (const real 8.04276844686836) (var real a)) (* (const real -82.81289433422003) (var real b)) (* (const real 19.015730396616835) (var real c)) (* (const real -54.273951941995406) (var real d)) (* (const real 68.09298345059831) (var real e))) (const real -3.367499453619536)) (<= (+ (* (const real -37.75764216943688) (var real a)) (* (const real 37.61607779187495) (var real b)) (* (const real -29.858814813072975) (var real c)) (* (const real -11.164676406807187) (var real d)) (* (const real 3.8649501028000968) (var real e))) (const real -16.626000983650325)) (<= (+ (* (const real -12.055014086561322) (var real a)) (* (const real 13.796999609974414) (var real b)) (* (const real 33.33917937130048) (var real c)) (* (const real 32.42046604596485) (var real d)) (* (const real -16.036652813467974) (var real e))) (const real 29.675031771304926)))", "indices": [226], "solving_time": 1.5172851085662842, "selection_time": 0.17516112327575684}
{"type": "update", "theory": "(& (<= (+ (* (const real 8.04276844686836) (var real a)) (* (const real -82.81289433422003) (var real b)) (* (const real 19.015730396616835) (var real c)) (* (const real -54.273951941995406) (var real d)) (* (const real 68.09298345059831) (var real e))) (const real -3.367499453619536)) (<= (+ (* (const real -79.6214632193388) (var real a)) (* (const real 78.68753660021291) (var real b)) (* (const real -73.21323424231021) (var real c)) (* (const real -22.88476746721382) (var real d)) (* (const real 3.9183221084335536) (var real e))) (const real -40.75815381393573)) (<= (+ (* (const real -12.055014086561322) (var real a)) (* (const real 13.796999609974414) (var real b)) (* (const real 33.33917937130048) (var real c)) (* (const real 32.42046604596485) (var real d)) (* (const real -16.036652813467974) (var real e))) (const real 29.675031771304926)))", "indices": [84], "solving_time": 0.1373920440673828, "selection_time": 0.17392516136169434}
{"type": "update", "theory": "(& (<= (+ (* (const real 8.04276844686836) (var real a)) (* (const real -82.81289433422003) (var real b)) (* (const real 19.015730396616835) (var real c)) (* (const real -54.273951941995406) (var real d)) (* (const real 68.09298345059831) (var real e))) (const real -3.367499453619536)) (<= (+ (* (const real -50.24554710339225) (var real a)) (* (const real 114.33116384016215) (var real b)) (* (const real 30.008662957512154) (var real c)) (* (const real -7.479515335896594) (var real d)) (* (const real -41.51322236121217) (var real e))) (const real 42.75728898127316)) (<= (+ (* (const real -12.055014086561322) (var real a)) (* (const real 13.796999609974414) (var real b)) (* (const real 33.33917937130048) (var real c)) (* (const real 32.42046604596485) (var real d)) (* (const real -16.036652813467974) (var real e))) (const real 29.675031771304926)))", "indices": [18], "solving_time": 0.10266304016113281, "selection_time": 0.16350269317626953}
{"type": "update", "theory": "(& (<= (+ (* (const real 23.659422527054154) (var real a)) (* (const real -58.64077265148936) (var real b)) (* (const real 6.273745070751) (var real c)) (* (const real -18.33406100941813) (var real d)) (* (const real 77.6833068568543) (var real e))) (const real 33.67612998127398)) (<= (+ (* (const real -32.425181322233264) (var real a)) (* (const real -15.351340241882205) (var real b)) (* (const real 28.36853450003343) (var real c)) (* (const real 35.32245718636864) (var real d)) (* (const real -52.52461651350046) (var real e))) (const real -8.051886728371242)) (<= (+ (* (const real -337.11610548465694) (var real a)) (* (const real 343.8675408356945) (var real b)) (* (const real 126.38818309585037) (var real c)) (* (const real -695.679138389301) (var real d)) (* (const real -175.91027314448752) (var real e))) (const real -228.3862976938726)))", "indices": [390], "solving_time": 0.8967490196228027, "selection_time": 0.16312122344970703}
{"type": "update", "theory": "(& (<= (+ (* (const real 23.659422527054154) (var real a)) (* (const real -58.64077265148936) (var real b)) (* (const real 6.273745070751) (var real c)) (* (const real -18.33406100941813) (var real d)) (* (const real 77.6833068568543) (var real e))) (const real 33.67612998127398)) (<= (+ (* (const real 11.331620891543407) (var real a)) (* (const real -14.32069513243572) (var real b)) (* (const real 4.812082307137045) (var real c)) (* (const real 14.776525881536042) (var real d)) (* (const real -19.763493167740997) (var real e))) (const real 2.194317729827821)) (<= (+ (* (const real -337.11610548465694) (var real a)) (* (const real 343.8675408356945) (var real b)) (* (const real 126.38818309585037) (var real c)) (* (const real -695.679138389301) (var real d)) (* (const real -175.91027314448752) (var real e))) (const real -228.3862976938726)))", "indices": [272], "solving_time": 0.30492091178894043, "selection_time": 0.16300177574157715}
{"type": "update", "theory": "(& (<= (+ (* (const real 23.659422527054154) (var real a)) (* (const real -58.64077265148936) (var real b)) (* (const real 6.273745070751) (var real c)) (* (const real -18.33406100941813) (var real d)) (* (const real 77.6833068568543) (var real e))) (const real 33.67612998127398)) (<= (+ (* (const real 2.872837473590943) (var real a)) (* (const real -18.260172002955436) (var real b)) (* (const real 7.717672930486496) (var real c)) (* (const real 34.47187601721386) (var real d)) (* (const real -35.139286869630325) (var real e))) (const real 4.499526445141867)) (<= (+ (* (const real -337.11610548465694) (var real a)) (* (const real 343.8675408356945) (var real b)) (* (const real 126.38818309585037) (var real c)) (* (const real -695.679138389301) (var real d)) (* (const real -175.91027314448752) (var real e))) (const real -228.3862976938726)))", "indices": [463], "solving_time": 0.028911113739013672, "selection_time": 0.1649470329284668}
{"type": "update", "theory": "(& (<= (+ (* (const real 23.659422527054154) (var real a)) (* (const real -58.64077265148936) (var real b)) (* (const real 6.273745070751) (var real c)) (* (const real -18.33406100941813) (var real d)) (* (const real 77.6833068568543) (var real e))) (const real 33.67612998127398)) (<= (+ (* (const real 2.872837473590943) (var real a)) (* (const real -18.260172002955436) (var real b)) (* (const real 7.717672930486496) (var real c)) (* (const real 34.47187601721386) (var real d)) (* (const real -35.139286869630325) (var real e))) (const real 4.499526445141867)) (<= (+ (* (const real -165.93829588474543) (var real a)) (* (const real 181.9269992221953) (var real b)) (* (const real 40.67631537377528) (var real c)) (* (const real -360.446001444406) (var real d)) (* (const real -103.73499188954355) (var real e))) (const real -125.60060655080028)))", "indices": [425], "solving_time": 0.255216121673584, "selection_time": 0.1650409698486328}
{"type": "update", "theory": "(& (<= (+ (* (const real 23.659422527054154) (var real a)) (* (const real -58.64077265148936) (var real b)) (* (const real 6.273745070751) (var real c)) (* (const real -18.33406100941813) (var real d)) (* (const real 77.6833068568543) (var real e))) (const real 33.67612998127398)) (<= (+ (* (const real 2.872837473590943) (var real a)) (* (const real -18.260172002955436) (var real b)) (* (const real 7.717672930486496) (var real c)) (* (const real 34.47187601721386) (var real d)) (* (const real -35.139286869630325) (var real e))) (const real 4.499526445141867)) (<= (+ (* (const real -206.6528420904297) (var real a)) (* (const real 228.12867610032592) (var real b)) (* (const real 47.888880367982566) (var real c)) (* (const real -450.3636931489824) (var real d)) (* (const real -130.69032030547407) (var real e))) (const real -157.55020132998055)))", "indices": [4], "solving_time": 0.4115447998046875, "selection_time": 0.1649620532989502}
{"type": "update", "theory": "(& (<= (+ (* (const real 23.659422527054154) (var real a)) (* (const real -58.64077265148936) (var real b)) (* (const real 6.273745070751) (var real c)) (* (const real -18.33406100941813) (var real d)) (* (const real 77.6833068568543) (var real e))) (const real 33.67612998127398)) (<= (+ (* (const real 2.872837473590943) (var real a)) (* (const real -18.260172002955436) (var real b)) (* (const real 7.717672930486496) (var real c)) (* (const real 34.47187601721386) (var real d)) (* (const real -35.139286869630325) (var real e))) (const real 4.499526445141867)) (<= (+ (* (const real 29.887912165327183) (var real a)) (* (const real 501.2016590662235) (var real b)) (* (const real 50.68986942138616) (var real c)) (* (const real 8.808208159746142) (var real d)) (* (const real -28.75120708199563) (var real e))) (const real 364.8703792004034)))", "indices": [380], "solving_time": 1.143782138824463, "selection_time": 0.16217398643493652}
{"type": "update", "theory": "(& (<= (+ (* (const real 23.659422527054154) (var real a)) (* (const real -58.64077265148936) (var real b)) (* (const real 6.273745070751) (var real c)) (* (const real -18.33406100941813) (var real d)) (* (const real 77.6833068568543) (var real e))) (const real 33.67612998127398)) (<= (+ (* (const real 2.872837473590943) (var real a)) (* (const real -18.260172002955436) (var real b)) (* (const real 7.717672930486496) (var real c)) (* (const real 34.47187601721386) (var real d)) (* (const real -35.139286869630325) (var real e))) (const real 4.499526445141867)) (<= (+ (* (const real 24.74942332771261) (var real a)) (* (const real 513.2175237316712) (var real b)) (* (const real 35.514408133502755) (var real c)) (* (const real 7.385535413504216) (var real d)) (* (const real -42.252147461919) (var real e))) (const real 357.2373516003954)))", "indices": [123], "solving_time": 0.030897855758666992, "selection_time": 0.16216397285461426}
{"type": "update", "theory": "(& (<= (+ (* (const real 23.659422527054154) (var real a)) (* (const real -58.64077265148936) (var real b)) (* (const real 6.273745070751) (var real c)) (* (const real -18.33406100941813) (var real d)) (* (const real 77.6833068568543) (var real e))) (const real 33.67612998127398)) (<= (+ (* (const real 2.872837473590943) (var real a)) (* (const real -18.260172002955436) (var real b)) (* (const real 7.717672930486496) (var real c)) (* (const real 34.47187601721386) (var real d)) (* (const real -35.139286869630325) (var real e))) (const real 4.499526445141867)) (<= (+ (* (const real 1.733697116554967) (var real a)) (* (const real 573.1039603780099) (var real b)) (* (const real 21.61203232382541) (var real c)) (* (const real -14.799447798206025) (var real d)) (* (const real -55.921866852566296) (var real e))) (const real 357.551929290248)))", "indices": [157], "solving_time": 0.0502779483795166, "selection_time": 0.16113686561584473}
{"type": "update", "theory": "(& (<= (+ (* (const real 23.659422527054154) (var real a)) (* (const real -58.64077265148936) (var real b)) (* (const real 6.273745070751) (var real c)) (* (const real -18.33406100941813) (var real d)) (* (const real 77.6833068568543) (var real e))) (const real 33.67612998127398)) (<= (+ (* (const real 1.2217777876477025) (var real a)) (* (const real -16.43938000192351) (var real b)) (* (const real 8.05824446804289) (var real c)) (* (const real 34.640789642007505) (var real d)) (* (const real -31.920974957466452) (var real e))) (const real 6.418911903557631)) (<= (+ (* (const real 1.733697116554967) (var real a)) (* (const real 573.1039603780099) (var real b)) (* (const real 21.61203232382541) (var real c)) (* (const real -14.799447798206025) (var real d)) (* (const real -55.921866852566296) (var real e))) (const real 357.551929290248)))", "indices": [292], "solving_time": 0.07568001747131348, "selection_time": 0.16123080253601074}
{"type": "update", "theory": "(& (<= (+ (* (const real 23.659422527054154) (var real a)) (* (const real -58.64077265148936) (var real b)) (* (const real 6.273745070751) (var real c)) (* (const real -18.33406100941813) (var real d)) (* (const real 77.6833068568543) (var real e))) (const real 33.67612998127398)) (<= (+ (* (const real 1.2217777876477025) (var real a)) (* (const real -16.43938000192351) (var real b)) (* (const real 8.05824446804289) (var real c)) (* (const real 34.640789642007505) (var real d)) (* (const real -31.920974957466452) (var real e))) (const real 6.418911903557631)) (<= (+ (* (const real -1.0489744886923276) (var real a)) (* (const real 74.44489344846843) (var real b)) (* (const real 0.6265169890389323) (var real c)) (* (const real -1.2886768539341333) (var real d)) (* (const real -11.87617242173896) (var real e))) (const real 43.21685611987937)))", "indices": [385], "solving_time": 0.34705305099487305, "selection_time": 0.1600797176361084}
{"type": "update", "theory": "(& (<= (+ (* (const real 23.659422527054154) (var real a)) (* (const real -58.64077265148936) (var real b)) (* (const real 6.273745070751) (var real c)) (* (const real -18.33406100941813) (var real d)) (* (const real 77.6833068568543) (var real e))) (const real 33.67612998127398)) (<= (+ (* (const real -7.101973091956315) (var real a)) (* (const real -19.269426117412156) (var real b)) (* (const real 11.85832123049488) (var real c)) (* (const real 33.604921559463385) (var real d)) (* (const real -51.640121294270955) (var real e))) (const real -5.69317720756407)) (<= (+ (* (const real -1.0489744886923276) (var real a)) (* (const real 74.44489344846843) (var real b)) (* (const real 0.6265169890389323) (var real c)) (* (const real -1.2886768539341333) (var real d)) (* (const real -11.87617242173896) (var real e))) (const real 43.21685611987937)))", "indices": [91], "solving_time": 0.06942200660705566, "selection_time": 0.15967464447021484}
{"type": "update", "theory": "(& (<= (+ (* (const real 24.073556474509672) (var real a)) (* (const real -60.38895284925185) (var real b)) (* (const real 5.76370339614206) (var real c)) (* (const real -18.772812979025613) (var real d)) (* (const real 81.08323485648702) (var real e))) (const real 35.00115124267361)) (<= (+ (* (const real -7.101973091956315) (var real a)) (* (const real -19.269426117412156) (var real b)) (* (const real 11.85832123049488) (var real c)) (* (const real 33.604921559463385) (var real d)) (* (const real -51.640121294270955) (var real e))) (const real -5.69317720756407)) (<= (+ (* (const real -1.0489744886923276) (var real a)) (* (const real 74.44489344846843) (var real b)) (* (const real 0.6265169890389323) (var real c)) (* (const real -1.2886768539341333) (var real d)) (* (const real -11.87617242173896) (var real e))) (const real 43.21685611987937)))", "indices": [2], "solving_time": 0.07275891304016113, "selection_time": 0.15979886054992676}
{"type": "update", "theory": "(& (<= (+ (* (const real 24.073556474509672) (var real a)) (* (const real -60.38895284925185) (var real b)) (* (const real 5.76370339614206) (var real c)) (* (const real -18.772812979025613) (var real d)) (* (const real 81.08323485648702) (var real e))) (const real 35.00115124267361)) (<= (+ (* (const real -38.355546437694436) (var real a)) (* (const real -51.20744238188552) (var real b)) (* (const real 39.24195868513293) (var real c)) (* (const real 62.583835363048145) (var real d)) (* (const real -155.23227183433724) (var real e))) (const real -44.358508478682005)) (<= (+ (* (const real -1.0489744886923276) (var real a)) (* (const real 74.44489344846843) (var real b)) (* (const real 0.6265169890389323) (var real c)) (* (const real -1.2886768539341333) (var real d)) (* (const real -11.87617242173896) (var real e))) (const real 43.21685611987937)))", "indices": [495], "solving_time": 0.0834801197052002, "selection_time": 0.15926241874694824}
{"type": "update", "theory": "(& (<= (+ (* (const real 24.073556474509672) (var real a)) (* (const real -60.38895284925185) (var real b)) (* (const real 5.76370339614206) (var real c)) (* (const real -18.772812979025613) (var real d)) (* (const real 81.08323485648702) (var real e))) (const real 35.00115124267361)) (<= (+ (* (const real -4.6748818473628875) (var real a)) (* (const real -1.5161828555965766) (var real b)) (* (const real 2.3680193023616374) (var real c)) (* (const real 18.985188102971865) (var real d)) (* (const real -21.070518263066283) (var real e))) (const real 1.7268994307322125)) (<= (+ (* (const real 176.6543158135592) (var real a)) (* (const real 107.12989407922124) (var real b)) (* (const real -181.56395478482855) (var real c)) (* (const real -133.3539141253579) (var real d)) (* (const real 68.23805320196796) (var real e))) (const real 50.571342195850065)))", "indices": [311], "solving_time": 3.955256700515747, "selection_time": 0.15861010551452637}
{"type": "update", "theory": "(& (<= (+ (* (const real 156675.59512657748) (var real a)) (* (const real -232941.96003848992) (var real b)) (* (const real -7156.620640703776) (var real c)) (* (const real -161634.54994556043) (var real d)) (* (const real -52700.10085080952) (var real e))) (const real -85689.24489780756)) (<= (+ (* (const real 213.82714402981256) (var real a)) (* (const real 483.27666493464784) (var real b)) (* (const real -420.8864726948907) (var real c)) (* (const real 472.73328367980923) (var real d)) (* (const real 580.6034120395583) (var real e))) (const real 839.693445906122)) (<= (+ (* (const real 134.70599022689723) (var real a)) (* (const real 161.13197479905293) (var real b)) (* (const real -38.10764825758827) (var real c)) (* (const real -210.8242485382337) (var real d)) (* (const real 83.23457071413574) (var real e))) (const real 116.33636690361642)))", "indices": [82], "solving_time": 2.1277048587799072, "selection_time": 0.15880799293518066}
{"type": "update", "theory": "(& (<= (+ (* (const real 408.1976105774191) (var real a)) (* (const real -1049.9484851603997) (var real b)) (* (const real 367.5016585388097) (var real c)) (* (const real -772.375793662146) (var real d)) (* (const real -93.76798958421926) (var real e))) (const real -314.8426620586009)) (<= (+ (* (const real 213.82714402981256) (var real a)) (* (const real 483.27666493464784) (var real b)) (* (const real -420.8864726948907) (var real c)) (* (const real 472.73328367980923) (var real d)) (* (const real 580.6034120395583) (var real e))) (const real 839.693445906122)) (<= (+ (* (const real 9.94660884393905) (var real a)) (* (const real 140.9424845337755) (var real b)) (* (const real 5.867386500110535) (var real c)) (* (const real -2.382968978234661) (var real d)) (* (const real -10.648143432014287) (var real e))) (const real 96.02968493556872)))", "indices": [491], "solving_time": 1.2807600498199463, "selection_time": 0.16018390655517578}
{"type": "update", "theory": "(& (<= (+ (* (const real 17.62864532447514) (var real a)) (* (const real -1012.1167304442849) (var real b)) (* (const real 170.16936991335416) (var real c)) (* (const real -506.9475311033015) (var real d)) (* (const real 140.2634602941525) (var real e))) (const real -378.30063505429615)) (<= (+ (* (const real 16.04420302172684) (var real a)) (* (const real 30.025380663052033) (var real b)) (* (const real 6.7558275138992) (var real c)) (* (const real 6.944947337015709) (var real d)) (* (const real 3.121072134205682) (var real e))) (const real 38.58471110950073)) (<= (+ (* (const real 9.94660884393905) (var real a)) (* (const real 140.9424845337755) (var real b)) (* (const real 5.867386500110535) (var real c)) (* (const real -2.382968978234661) (var real d)) (* (const real -10.648143432014287) (var real e))) (const real 96.02968493556872)))", "indices": [236], "solving_time": 0.3735229969024658, "selection_time": 0.1573638916015625}
{"type": "update", "theory": "(& (<= (+ (* (const real 17.62864532447514) (var real a)) (* (const real -1012.1167304442849) (var real b)) (* (const real 170.16936991335416) (var real c)) (* (const real -506.9475311033015) (var real d)) (* (const real 140.2634602941525) (var real e))) (const real -378.30063505429615)) (<= (+ (* (const real 15.562765268483522) (var real a)) (* (const real 29.23736515861851) (var real b)) (* (const real 4.184278878301126) (var real c)) (* (const real 7.4576001700892265) (var real d)) (* (const real 3.9905806196264013) (var real e))) (const real 37.44284730110326)) (<= (+ (* (const real 9.94660884393905) (var real a)) (* (const real 140.9424845337755) (var real b)) (* (const real 5.867386500110535) (var real c)) (* (const real -2.382968978234661) (var real d)) (* (const real -10.648143432014287) (var real e))) (const real 96.02968493556872)))", "indices": [465], "solving_time": 0.03460264205932617, "selection_time": 0.15723013877868652}
{"type": "update", "theory": "(& (<= (+ (* (const real 408.1976105774191) (var real a)) (* (const real -1049.9484851603997) (var real b)) (* (const real 367.5016585388097) (var real c)) (* (const real -772.375793662146) (var real d)) (* (const real -93.76798958421926) (var real e))) (const real -314.8426620586009)) (<= (+ (* (const real 145.5949310561253) (var real a)) (* (const real 34.866716495327914) (var real b)) (* (const real 18.99707825545272) (var real c)) (* (const real 70.70457125433485) (var real d)) (* (const real 22.565088453362126) (var real e))) (const real 179.09447604232818)) (<= (+ (* (const real -14.12378390153789) (var real a)) (* (const real 24.496194283653637) (var real b)) (* (const real -3.56540406884207) (var real c)) (* (const real -66.35240968895341) (var real d)) (* (const real -9.930785154537228) (var real e))) (const real -22.671533082156486)))", "indices": [80], "solving_time": 10.087861061096191, "selection_time": 0.1703779697418213}
{"type": "update", "theory": "(& (<= (+ (* (const real 408.1976105774191) (var real a)) (* (const real -1049.9484851603997) (var real b)) (* (const real 367.5016585388097) (var real c)) (* (const real -772.375793662146) (var real d)) (* (const real -93.76798958421926) (var real e))) (const real -314.8426620586009)) (<= (+ (* (const real 145.5949310561253) (var real a)) (* (const real 34.866716495327914) (var real b)) (* (const real 18.99707825545272) (var real c)) (* (const real 70.70457125433485) (var real d)) (* (const real 22.565088453362126) (var real e))) (const real 179.09447604232818)) (<= (+ (* (const real -41.36459353660927) (var real a)) (* (const real 183.59447484419238) (var real b)) (* (const real -7.609221012159592) (var real c)) (* (const real -158.00962496670797) (var real d)) (* (const real -64.5495268608309) (var real e))) (const real 7.53164801575346)))", "indices": [375], "solving_time": 3.390089988708496, "selection_time": 0.1745128631591797}
{"type": "update", "theory": "(& (<= (+ (* (const real 408.1976105774191) (var real a)) (* (const real -1049.9484851603997) (var real b)) (* (const real 367.5016585388097) (var real c)) (* (const real -772.375793662146) (var real d)) (* (const real -93.76798958421926) (var real e))) (const real -314.8426620586009)) (<= (+ (* (const real 77.78874950030888) (var real a)) (* (const real 125.74965369944024) (var real b)) (* (const real -36.16678286317941) (var real c)) (* (const real 102.22389710383612) (var real d)) (* (const real 113.04663775840629) (var real e))) (const real 232.0899943302131)) (<= (+ (* (const real -41.36459353660927) (var real a)) (* (const real 183.59447484419238) (var real b)) (* (const real -7.609221012159592) (var real c)) (* (const real -158.00962496670797) (var real d)) (* (const real -64.5495268608309) (var real e))) (const real 7.53164801575346)))", "indices": [81], "solving_time": 1.2747352123260498, "selection_time": 0.15743708610534668}
{"type": "update", "theory": "(& (<= (+ (* (const real 408.1976105774191) (var real a)) (* (const real -1049.9484851603997) (var real b)) (* (const real 367.5016585388097) (var real c)) (* (const real -772.375793662146) (var real d)) (* (const real -93.76798958421926) (var real e))) (const real -314.8426620586009)) (<= (+ (* (const real 77.78874950030888) (var real a)) (* (const real 125.74965369944024) (var real b)) (* (const real -36.16678286317941) (var real c)) (* (const real 102.22389710383612) (var real d)) (* (const real 113.04663775840629) (var real e))) (const real 232.0899943302131)) (<= (+ (* (const real -121.34210068073945) (var real a)) (* (const real 340.65104140878043) (var real b)) (* (const real 15.773729442631408) (var real c)) (* (const real -289.06486345972974) (var real d)) (* (const real -110.33619049418634) (var real e))) (const real 16.03009905295461)))", "indices": [59], "solving_time": 1.046555995941162, "selection_time": 0.16883206367492676}
{"type": "update", "theory": "(& (<= (+ (* (const real 433.46800026147906) (var real a)) (* (const real -1097.9996207771303) (var real b)) (* (const real 374.9649198777426) (var real c)) (* (const real -806.9496674061331) (var real d)) (* (const real -98.09254591283022) (var real e))) (const real -329.52090143855605)) (<= (+ (* (const real 77.78874950030888) (var real a)) (* (const real 125.74965369944024) (var real b)) (* (const real -36.16678286317941) (var real c)) (* (const real 102.22389710383612) (var real d)) (* (const real 113.04663775840629) (var real e))) (const real 232.0899943302131)) (<= (+ (* (const real -121.34210068073945) (var real a)) (* (const real 340.65104140878043) (var real b)) (* (const real 15.773729442631408) (var real c)) (* (const real -289.06486345972974) (var real d)) (* (const real -110.33619049418634) (var real e))) (const real 16.03009905295461)))", "indices": [112], "solving_time": 0.11127901077270508, "selection_time": 0.1582350730895996}
{"type": "update", "theory": "(& (<= (+ (* (const real 986.9612709763063) (var real a)) (* (const real -2538.6509399094825) (var real b)) (* (const real 830.7293354380284) (var real c)) (* (const real -1852.701243016343) (var real d)) (* (const real -240.55295249852531) (var real e))) (const real -792.978438223436)) (<= (+ (* (const real 11.265970443071243) (var real a)) (* (const real 5.112970370941176) (var real b)) (* (const real -1.0701647528888587) (var real c)) (* (const real 7.91573602990568) (var real d)) (* (const real 8.71186187654992) (var real e))) (const real 18.89741537163587)) (<= (+ (* (const real -3996.0674316758914) (var real a)) (* (const real 2239.843313481232) (var real b)) (* (const real 1322.595942266215) (var real c)) (* (const real -1756.319861144725) (var real d)) (* (const real -1480.5161095578549) (var real e))) (const real -992.881329483698)))", "indices": [243], "solving_time": 4.7397119998931885, "selection_time": 0.15555715560913086}
{"type": "update", "theory": "(& (<= (+ (* (const real 276.88561406271197) (var real a)) (* (const real -241.49005842690926) (var real b)) (* (const real -188.25827247810818) (var real c)) (* (const real -149.24235002833169) (var real d)) (* (const real -10.918971815686938) (var real e))) (const real -77.69200194006324)) (<= (+ (* (const real 121.51201548949439) (var real a)) (* (const real 39.166304732259476) (var real b)) (* (const real 16.43758935195847) (var real c)) (* (const real 58.66456866956144) (var real d)) (* (const real 18.248448626684063) (var real e))) (const real 155.89747350607203)) (<= (+ (* (const real -3996.0674316758914) (var real a)) (* (const real 2239.843313481232) (var real b)) (* (const real 1322.595942266215) (var real c)) (* (const real -1756.319861144725) (var real d)) (* (const real -1480.5161095578549) (var real e))) (const real -992.881329483698)))", "indices": [3], "solving_time": 1.4364690780639648, "selection_time": 0.15475106239318848}
{"type": "update", "theory": "(& (<= (+ (* (const real 15.54436812436463) (var real a)) (* (const real -10.988902212552203) (var real b)) (* (const real 2.3185396062800754) (var real c)) (* (const real -77.83330453602383) (var real d)) (* (const real -8.94035430696956) (var real e))) (const real -26.407786357693695)) (<= (+ (* (const real 608.849012370427) (var real a)) (* (const real 380.03495823632613) (var real b)) (* (const real 367.0792187308652) (var real c)) (* (const real 268.01094144210816) (var real d)) (* (const real 199.29798654576948) (var real e))) (const real 1076.3589878683345)) (<= (+ (* (const real -196.53425611920747) (var real a)) (* (const real 32.09848713451771) (var real b)) (* (const real -87.85837518229238) (var real c)) (* (const real 56.173711982877606) (var real d)) (* (const real -36.672020052547346) (var real e))) (const real -75.68249407854368)))", "indices": [306], "solving_time": 21.095218896865845, "selection_time": 0.1553480625152588}
{"type": "update", "theory": "(& (<= (+ (* (const real 15.54436812436463) (var real a)) (* (const real -10.988902212552203) (var real b)) (* (const real 2.3185396062800754) (var real c)) (* (const real -77.83330453602383) (var real d)) (* (const real -8.94035430696956) (var real e))) (const real -26.407786357693695)) (<= (+ (* (const real 608.849012370427) (var real a)) (* (const real 380.03495823632613) (var real b)) (* (const real 367.0792187308652) (var real c)) (* (const real 268.01094144210816) (var real d)) (* (const real 199.29798654576948) (var real e))) (const real 1076.3589878683345)) (<= (+ (* (const real -309.0137200539648) (var real a)) (* (const real 34.402389987334914) (var real b)) (* (const real -31.981115715021232) (var real c)) (* (const real 66.63891581706662) (var real d)) (* (const real -30.9703555280744) (var real e))) (const real -85.7690471822331)))", "indices": [94], "solving_time": 0.11739802360534668, "selection_time": 0.15466594696044922}
{"type": "update", "theory": "(& (<= (+ (* (const real 15.54436812436463) (var real a)) (* (const real -10.988902212552203) (var real b)) (* (const real 2.3185396062800754) (var real c)) (* (const real -77.83330453602383) (var real d)) (* (const real -8.94035430696956) (var real e))) (const real -26.407786357693695)) (<= (+ (* (const real 608.849012370427) (var real a)) (* (const real 380.03495823632613) (var real b)) (* (const real 367.0792187308652) (var real c)) (* (const real 268.01094144210816) (var real d)) (* (const real 199.29798654576948) (var real e))) (const real 1076.3589878683345)) (<= (+ (* (const real -36.994326583613976) (var real a)) (* (const real 1.683457907952635) (var real b)) (* (const real -26.721869776323867) (var real c)) (* (const real -0.22054373337322586) (var real d)) (* (const real -1.7469443827968654) (var real e))) (const real -22.44896940805531)))", "indices": [267], "solving_time": 2.070585012435913, "selection_time": 0.15424275398254395}
{"type": "update", "theory": "(& (<= (+ (* (const real 51.75613279587069) (var real a)) (* (const real -43.486030742720075) (var real b)) (* (const real 17.502095453697947) (var real c)) (* (const real -228.10169390014752) (var real d)) (* (const real -32.27366829669233) (var real e))) (const real -75.41272739166835)) (<= (+ (* (const real 137.27473030073855) (var real a)) (* (const real 35.91321845903463) (var real b)) (* (const real 21.29922742751207) (var real c)) (* (const real 66.4620344244326) (var real d)) (* (const real 22.79028008415846) (var real e))) (const real 173.06185450722504)) (<= (+ (* (const real -36.994326583613976) (var real a)) (* (const real 1.683457907952635) (var real b)) (* (const real -26.721869776323867) (var real c)) (* (const real -0.22054373337322586) (var real d)) (* (const real -1.7469443827968654) (var real e))) (const real -22.44896940805531)))", "indices": [41], "solving_time": 0.4136519432067871, "selection_time": 0.1539309024810791}
{"type": "update", "theory": "(& (<= (+ (* (const real 34.30826304496651) (var real a)) (* (const real -5.639971006062767) (var real b)) (* (const real 18.057067675315924) (var real c)) (* (const real -85.81122947317299) (var real d)) (* (const real -7.367627864564365) (var real e))) (const real -6.724774299966315)) (<= (+ (* (const real 3.6198891778095703) (var real a)) (* (const real 8.262728534226264) (var real b)) (* (const real 9.305090034375377) (var real c)) (* (const real 41.87056508254015) (var real d)) (* (const real 3.344168119296931) (var real e))) (const real 40.653089466035325)) (<= (+ (* (const real -36.994326583613976) (var real a)) (* (const real 1.683457907952635) (var real b)) (* (const real -26.721869776323867) (var real c)) (* (const real -0.22054373337322586) (var real d)) (* (const real -1.7469443827968654) (var real e))) (const real -22.44896940805531)))", "indices": [313], "solving_time": 11.838823795318604, "selection_time": 0.15354084968566895}
{"type": "update", "theory": "(& (<= (+ (* (const real 34.30826304496651) (var real a)) (* (const real -5.639971006062767) (var real b)) (* (const real 18.057067675315924) (var real c)) (* (const real -85.81122947317299) (var real d)) (* (const real -7.367627864564365) (var real e))) (const real -6.724774299966315)) (<= (+ (* (const real 3.485792304499082) (var real a)) (* (const real 8.142742353287087) (var real b)) (* (const real 11.140195352834638) (var real c)) (* (const real 41.21958041952812) (var real d)) (* (const real 3.334018048300564) (var real e))) (const real 41.321962704671805)) (<= (+ (* (const real -36.994326583613976) (var real a)) (* (const real 1.683457907952635) (var real b)) (* (const real -26.721869776323867) (var real c)) (* (const real -0.22054373337322586) (var real d)) (* (const real -1.7469443827968654) (var real e))) (const real -22.44896940805531)))", "indices": [250], "solving_time": 0.08229899406433105, "selection_time": 0.15331006050109863}
{"type": "update", "theory": "(& (<= (+ (* (const real 34.30826304496651) (var real a)) (* (const real -5.639971006062767) (var real b)) (* (const real 18.057067675315924) (var real c)) (* (const real -85.81122947317299) (var real d)) (* (const real -7.367627864564365) (var real e))) (const real -6.724774299966315)) (<= (+ (* (const real 3.2272075915043446) (var real a)) (* (const real 10.854056764145506) (var real b)) (* (const real 16.389377537474097) (var real c)) (* (const real 53.1787443546044) (var real d)) (* (const real 4.338479816230936) (var real e))) (const real 54.24502572685889)) (<= (+ (* (const real -36.994326583613976) (var real a)) (* (const real 1.683457907952635) (var real b)) (* (const real -26.721869776323867) (var real c)) (* (const real -0.22054373337322586) (var real d)) (* (const real -1.7469443827968654) (var real e))) (const real -22.44896940805531)))", "indices": [407], "solving_time": 2.3866820335388184, "selection_time": 0.15259790420532227}
{"type": "update", "theory": "(& (<= (+ (* (const real 34.30826304496651) (var real a)) (* (const real -5.639971006062767) (var real b)) (* (const real 18.057067675315924) (var real c)) (* (const real -85.81122947317299) (var real d)) (* (const real -7.367627864564365) (var real e))) (const real -6.724774299966315)) (<= (+ (* (const real 3.2272075915043446) (var real a)) (* (const real 10.854056764145506) (var real b)) (* (const real 16.389377537474097) (var real c)) (* (const real 53.1787443546044) (var real d)) (* (const real 4.338479816230936) (var real e))) (const real 54.24502572685889)) (<= (+ (* (const real -143.5852996323469) (var real a)) (* (const real 54.075982894460495) (var real b)) (* (const real -2007.6710934805897) (var real c)) (* (const real -52.89844000059245) (var real d)) (* (const real -83.7446601835976) (var real e))) (const real -753.6641393349131)))", "indices": [405], "solving_time": 3.811323881149292, "selection_time": 0.1527719497680664}
{"type": "update", "theory": "(& (<= (+ (* (const real 35.05063335446481) (var real a)) (* (const real -5.705311665570593) (var real b)) (* (const real 18.304685358257462) (var real c)) (* (const real -87.50817315762585) (var real d)) (* (const real -7.54775191124659) (var real e))) (const real -6.858368684628589)) (<= (+ (* (const real 28.236053652537993) (var real a)) (* (const real 42.12630941534246) (var real b)) (* (const real 52.12416438882625) (var real c)) (* (const real 279.8365919482764) (var real d)) (* (const real 6.903900518422512) (var real e))) (const real 255.43323579600715)) (<= (+ (* (const real -45.01186391106355) (var real a)) (* (const real 344.97875365954945) (var real b)) (* (const real -5425.453117191183) (var real c)) (* (const real 1223.649170096529) (var real d)) (* (const real 873.8346090940794) (var real e))) (const real -521.0588727635507)))", "indices": [78], "solving_time": 21.685572862625122, "selection_time": 0.15163278579711914}
{"type": "update", "theory": "(& (<= (+ (* (const real 35.05063335446481) (var real a)) (* (const real -5.705311665570593) (var real b)) (* (const real 18.304685358257462) (var real c)) (* (const real -87.50817315762585) (var real d)) (* (const real -7.54775191124659) (var real e))) (const real -6.858368684628589)) (<= (+ (* (const real 17.08535990816635) (var real a)) (* (const real 53.265724793412886) (var real b)) (* (const real 50.493063627565846) (var real c)) (* (const real 281.2414243265655) (var real d)) (* (const real 16.607826117453325) (var real e))) (const real 259.9387271147584)) (<= (+ (* (const real -45.01186391106355) (var real a)) (* (const real 344.97875365954945) (var real b)) (* (const real -5425.453117191183) (var real c)) (* (const real 1223.649170096529) (var real d)) (* (const real 873.8346090940794) (var real e))) (const real -521.0588727635507)))", "indices": [89], "solving_time": 0.17750787734985352, "selection_time": 0.15183520317077637}
{"type": "update", "theory": "(& (<= (+ (* (const real 35.858960681534576) (var real a)) (* (const real -7.782502167832658) (var real b)) (* (const real 18.440901715734555) (var real c)) (* (const real -94.61134765873268) (var real d)) (* (const real -8.829238884913016) (var real e))) (const real -10.348813765337407)) (<= (+ (* (const real 17.08535990816635) (var real a)) (* (const real 53.265724793412886) (var real b)) (* (const real 50.493063627565846) (var real c)) (* (const real 281.2414243265655) (var real d)) (* (const real 16.607826117453325) (var real e))) (const real 259.9387271147584)) (<= (+ (* (const real -45.01186391106355) (var real a)) (* (const real 344.97875365954945) (var real b)) (* (const real -5425.453117191183) (var real c)) (* (const real 1223.649170096529) (var real d)) (* (const real 873.8346090940794) (var real e))) (const real -521.0588727635507)))", "indices": [189], "solving_time": 0.11538100242614746, "selection_time": 0.15346670150756836}
{"type": "update", "theory": "(& (<= (+ (* (const real 63.372303477386424) (var real a)) (* (const real -9.522069582705818) (var real b)) (* (const real 30.433534855186977) (var real c)) (* (const real -150.62249890589055) (var real d)) (* (const real -14.417411508857537) (var real e))) (const real -10.66344032179807)) (<= (+ (* (const real 17.08535990816635) (var real a)) (* (const real 53.265724793412886) (var real b)) (* (const real 50.493063627565846) (var real c)) (* (const real 281.2414243265655) (var real d)) (* (const real 16.607826117453325) (var real e))) (const real 259.9387271147584)) (<= (+ (* (const real -45.01186391106355) (var real a)) (* (const real 344.97875365954945) (var real b)) (* (const real -5425.453117191183) (var real c)) (* (const real 1223.649170096529) (var real d)) (* (const real 873.8346090940794) (var real e))) (const real -521.0588727635507)))", "indices": [182], "solving_time": 5.618220806121826, "selection_time": 0.15068602561950684}
{"type": "update", "theory": "(& (<= (+ (* (const real 40.15747400437749) (var real a)) (* (const real -18.327456099806483) (var real b)) (* (const real 17.871019197925822) (var real c)) (* (const real -133.51257959947176) (var real d)) (* (const real -15.71711045074578) (var real e))) (const real -29.751672926526187)) (<= (+ (* (const real 123.30672638196197) (var real a)) (* (const real 196.71918317486282) (var real b)) (* (const real 442.09262598026726) (var real c)) (* (const real 565.9432664525048) (var real d)) (* (const real 37.60796621684091) (var real e))) (const real 837.80259845972)) (<= (+ (* (const real -45.01186391106355) (var real a)) (* (const real 344.97875365954945) (var real b)) (* (const real -5425.453117191183) (var real c)) (* (const real 1223.649170096529) (var real d)) (* (const real 873.8346090940794) (var real e))) (const real -521.0588727635507)))", "indices": [298], "solving_time": 3.5764319896698, "selection_time": 0.1519300937652588}
{"type": "update", "theory": "(& (<= (+ (* (const real 40.15747400437749) (var real a)) (* (const real -18.327456099806483) (var real b)) (* (const real 17.871019197925822) (var real c)) (* (const real -133.51257959947176) (var real d)) (* (const real -15.71711045074578) (var real e))) (const real -29.751672926526187)) (<= (+ (* (const real 107.20593819080852) (var real a)) (* (const real 164.50124049114223) (var real b)) (* (const real 670.9618099058008) (var real c)) (* (const real 663.4637262012594) (var real d)) (* (const real 102.60713314680247) (var real e))) (const real 1055.938204074275)) (<= (+ (* (const real -45.01186391106355) (var real a)) (* (const real 344.97875365954945) (var real b)) (* (const real -5425.453117191183) (var real c)) (* (const real 1223.649170096529) (var real d)) (* (const real 873.8346090940794) (var real e))) (const real -521.0588727635507)))", "indices": [443], "solving_time": 1.5627260208129883, "selection_time": 0.14985394477844238}
{"type": "update", "theory": "(& (<= (+ (* (const real 40.15747400437749) (var real a)) (* (const real -18.327456099806483) (var real b)) (* (const real 17.871019197925822) (var real c)) (* (const real -133.51257959947176) (var real d)) (* (const real -15.71711045074578) (var real e))) (const real -29.751672926526187)) (<= (+ (* (const real 23.376321572469788) (var real a)) (* (const real 127.15829493231459) (var real b)) (* (const real 716.1946099127581) (var real c)) (* (const real 281.2898582887797) (var real d)) (* (const real 26.12378551119052) (var real e))) (const real 738.2304752964229)) (<= (+ (* (const real -45.01186391106355) (var real a)) (* (const real 344.97875365954945) (var real b)) (* (const real -5425.453117191183) (var real c)) (* (const real 1223.649170096529) (var real d)) (* (const real 873.8346090940794) (var real e))) (const real -521.0588727635507)))", "indices": [35], "solving_time": 2.970500946044922, "selection_time": 0.15037798881530762}
{"type": "update", "theory": "(& (<= (+ (* (const real 465.35512977529913) (var real a)) (* (const real 155.90015584192017) (var real b)) (* (const real -198.05735280952936) (var real c)) (* (const real 127.93176592934478) (var real d)) (* (const real 588.109994805523) (var real e))) (const real 710.0726071513329)) (<= (+ (* (const real 96.14057486614303) (var real a)) (* (const real 33.2371126262028) (var real b)) (* (const real 127.33642017392259) (var real c)) (* (const real -204.74280371815001) (var real d)) (* (const real -199.79085022607413) (var real e))) (const real -7.041623836874109)) (<= (+ (* (const real -260.4401551858865) (var real a)) (* (const real 146.81353256919778) (var real b)) (* (const real -428.91922097980245) (var real c)) (* (const real 684.7348233817032) (var real d)) (* (const real 387.7045093028996) (var real e))) (const real 395.588427745205)))", "indices": [268], "solving_time": 72.51895499229431, "selection_time": 0.1502838134765625}
{"type": "update", "theory": "(& (<= (+ (* (const real 465.35512977529913) (var real a)) (* (const real 155.90015584192017) (var real b)) (* (const real -198.05735280952936) (var real c)) (* (const real 127.93176592934478) (var real d)) (* (const real 588.109994805523) (var real e))) (const real 710.0726071513329)) (<= (+ (* (const real -0.8071352686319768) (var real a)) (* (const real 11.364442647130149) (var real b)) (* (const real 30.521551505120758) (var real c)) (* (const real -58.61613237341691) (var real d)) (* (const real -70.60315731713197) (var real e))) (const real -24.443750676107474)) (<= (+ (* (const real -260.4401551858865) (var real a)) (* (const real 146.81353256919778) (var real b)) (* (const real -428.91922097980245) (var real c)) (* (const real 684.7348233817032) (var real d)) (* (const real 387.7045093028996) (var real e))) (const real 395.588427745205)))", "indices": [367], "solving_time": 2.3210489749908447, "selection_time": 0.14828109741210938}
{"type": "update", "theory": "(& (<= (+ (* (const real 465.35512977529913) (var real a)) (* (const real 155.90015584192017) (var real b)) (* (const real -198.05735280952936) (var real c)) (* (const real 127.93176592934478) (var real d)) (* (const real 588.109994805523) (var real e))) (const real 710.0726071513329)) (<= (+ (* (const real -69.13277323790736) (var real a)) (* (const real 471.546530039972) (var real b)) (* (const real 35.85920428953817) (var real c)) (* (const real -803.4571170962628) (var real d)) (* (const real -30.749616908253483) (var real e))) (const real -18.030708015713103)) (<= (+ (* (const real -99.10160180600354) (var real a)) (* (const real -48.035832163452106) (var real b)) (* (const real 48.54118747056188) (var real c)) (* (const real 83.82891926717342) (var real d)) (* (const real -201.97916156988506) (var real e))) (const real -69.89538833324549)))", "indices": [376], "solving_time": 25.610400915145874, "selection_time": 0.1596386432647705}
{"type": "update", "theory": "(& (<= (+ (* (const real 465.35512977529913) (var real a)) (* (const real 155.90015584192017) (var real b)) (* (const real -198.05735280952936) (var real c)) (* (const real 127.93176592934478) (var real d)) (* (const real 588.109994805523) (var real e))) (const real 710.0726071513329)) (<= (+ (* (const real -296.06872215092784) (var real a)) (* (const real 2036.743854288305) (var real b)) (* (const real 154.9374862656282) (var real c)) (* (const real -3484.572186453828) (var real d)) (* (const real -121.16707794473659) (var real e))) (const real -76.97120863693777)) (<= (+ (* (const real -99.10160180600354) (var real a)) (* (const real -48.035832163452106) (var real b)) (* (const real 48.54118747056188) (var real c)) (* (const real 83.82891926717342) (var real d)) (* (const real -201.97916156988506) (var real e))) (const real -69.89538833324549)))", "indices": [237], "solving_time": 0.07960915565490723, "selection_time": 0.15772294998168945}
{"type": "update", "theory": "(& (<= (+ (* (const real 65.26400308150589) (var real a)) (* (const real -41.02317708044983) (var real b)) (* (const real 42.195159875723625) (var real c)) (* (const real -284.1752948845752) (var real d)) (* (const real -39.52755832446233) (var real e))) (const real -77.5783423148313)) (<= (+ (* (const real 41.38617169542582) (var real a)) (* (const real 514.756419587978) (var real b)) (* (const real -33.14718923732615) (var real c)) (* (const real -64.9852439523685) (var real d)) (* (const real -118.06207888322517) (var real e))) (const real 263.1777955942082)) (<= (+ (* (const real -13.926463110681047) (var real a)) (* (const real -14.362171657365105) (var real b)) (* (const real -40.35223971490835) (var real c)) (* (const real 261.6180799612325) (var real d)) (* (const real 49.18507984016545) (var real e))) (const real 159.983467960794)))", "indices": [462], "solving_time": 88.09846019744873, "selection_time": 0.15647172927856445}
{"type": "update", "theory": "(& (<= (+ (* (const real -386.8780959840841) (var real a)) (* (const real 217.86443144192944) (var real b)) (* (const real -403.05299768041016) (var real c)) (* (const real -2980.496124223092) (var real d)) (* (const real 153.34174152000816) (var real e))) (const real -1194.5231861420682)) (<= (+ (* (const real 742.51976364599) (var real a)) (* (const real 291.64606742553855) (var real b)) (* (const real -70.78310986814348) (var real c)) (* (const real 91.70258599863189) (var real d)) (* (const real 229.3245121802178) (var real e))) (const real 789.9575303138843)) (<= (+ (* (const real -86.70970770767455) (var real a)) (* (const real -38.63261453656121) (var real b)) (* (const real 32.97734369518488) (var real c)) (* (const real 64.73753043634336) (var real d)) (* (const real -167.68287288236144) (var real e))) (const real -64.85203766176708)))", "indices": [208], "solving_time": 42.05310893058777, "selection_time": 0.15576982498168945}
{"type": "update", "theory": "(& (<= (+ (* (const real -305.82567123946535) (var real a)) (* (const real 165.96752581817847) (var real b)) (* (const real -355.40515827511956) (var real c)) (* (const real -2557.6965211140005) (var real d)) (* (const real 185.83792019135694) (var real e))) (const real -999.0748253731533)) (<= (+ (* (const real 742.51976364599) (var real a)) (* (const real 291.64606742553855) (var real b)) (* (const real -70.78310986814348) (var real c)) (* (const real 91.70258599863189) (var real d)) (* (const real 229.3245121802178) (var real e))) (const real 789.9575303138843)) (<= (+ (* (const real -86.70970770767455) (var real a)) (* (const real -38.63261453656121) (var real b)) (* (const real 32.97734369518488) (var real c)) (* (const real 64.73753043634336) (var real d)) (* (const real -167.68287288236144) (var real e))) (const real -64.85203766176708)))", "indices": [356], "solving_time": 0.14441704750061035, "selection_time": 0.157822847366333}
{"type": "update", "theory": "(& (<= (+ (* (const real -51.99763734706089) (var real a)) (* (const real 169.79889709961273) (var real b)) (* (const real -91.27159462339353) (var real c)) (* (const real 416.3446828962806) (var real d)) (* (const real 358.6288822603223) (var real e))) (const real 468.51994494247504)) (<= (+ (* (const real -36.079360976301224) (var real a)) (* (const real -37.583882959997375) (var real b)) (* (const real 17.979634820459545) (var real c)) (* (const real 78.9866088629467) (var real d)) (* (const real -126.64720203909287) (var real e))) (const real -23.78185722182638)) (<= (+ (* (const real -18.178011219726095) (var real a)) (* (const real 10.75448388600314) (var real b)) (* (const real -21.833282332676667) (var real c)) (* (const real -142.47111056548516) (var real d)) (* (const real 13.514909161754424) (var real e))) (const real -54.5365029947686)))", "indices": [430], "solving_time": 108.89491724967957, "selection_time": 0.31513500213623047}
{"type": "update", "theory": "(& (<= (+ (* (const real 3.098121703605073) (var real a)) (* (const real 80.80961898257347) (var real b)) (* (const real -61.422743443265716) (var real c)) (* (const real 151.93885507568194) (var real d)) (* (const real 144.19082212998285) (var real e))) (const real 190.73405398102233)) (<= (+ (* (const real -36.079360976301224) (var real a)) (* (const real -37.583882959997375) (var real b)) (* (const real 17.979634820459545) (var real c)) (* (const real 78.9866088629467) (var real d)) (* (const real -126.64720203909287) (var real e))) (const real -23.78185722182638)) (<= (+ (* (const real -18.178011219726095) (var real a)) (* (const real 10.75448388600314) (var real b)) (* (const real -21.833282332676667) (var real c)) (* (const real -142.47111056548516) (var real d)) (* (const real 13.514909161754424) (var real e))) (const real -54.5365029947686)))", "indices": [170], "solving_time": 2.0150539875030518, "selection_time": 0.15274477005004883}
{"type": "update", "theory": "(& (<= (+ (* (const real 3.098121703605073) (var real a)) (* (const real 80.80961898257347) (var real b)) (* (const real -61.422743443265716) (var real c)) (* (const real 151.93885507568194) (var real d)) (* (const real 144.19082212998285) (var real e))) (const real 190.73405398102233)) (<= (+ (* (const real -36.079360976301224) (var real a)) (* (const real -37.583882959997375) (var real b)) (* (const real 17.979634820459545) (var real c)) (* (const real 78.9866088629467) (var real d)) (* (const real -126.64720203909287) (var real e))) (const real -23.78185722182638)) (<= (+ (* (const real -40.964905322628695) (var real a)) (* (const real 14.625752690163806) (var real b)) (* (const real -39.24450019685281) (var real c)) (* (const real -265.8460189216237) (var real d)) (* (const real 25.129390178576237) (var real e))) (const real -106.69118463984496)))", "indices": [227], "solving_time": 0.09871292114257812, "selection_time": 0.1520538330078125}
{"type": "update", "theory": "(& (<= (+ (* (const real 10.055564541835206) (var real a)) (* (const real 140.2834382450686) (var real b)) (* (const real -111.74462640329374) (var real c)) (* (const real 264.90454008177727) (var real d)) (* (const real 288.5995825091659) (var real e))) (const real 355.1687518092234)) (<= (+ (* (const real -36.079360976301224) (var real a)) (* (const real -37.583882959997375) (var real b)) (* (const real 17.979634820459545) (var real c)) (* (const real 78.9866088629467) (var real d)) (* (const real -126.64720203909287) (var real e))) (const real -23.78185722182638)) (<= (+ (* (const real -40.964905322628695) (var real a)) (* (const real 14.625752690163806) (var real b)) (* (const real -39.24450019685281) (var real c)) (* (const real -265.8460189216237) (var real d)) (* (const real 25.129390178576237) (var real e))) (const real -106.69118463984496)))", "indices": [133], "solving_time": 2.6740307807922363, "selection_time": 0.18219208717346191}
{"type": "update", "theory": "(& (<= (+ (* (const real 9.846221407887723) (var real a)) (* (const real 145.7605273952461) (var real b)) (* (const real -114.59316761725304) (var real c)) (* (const real 275.2392150390618) (var real d)) (* (const real 297.4787245451536) (var real e))) (const real 368.2269769979384)) (<= (+ (* (const real -36.079360976301224) (var real a)) (* (const real -37.583882959997375) (var real b)) (* (const real 17.979634820459545) (var real c)) (* (const real 78.9866088629467) (var real d)) (* (const real -126.64720203909287) (var real e))) (const real -23.78185722182638)) (<= (+ (* (const real -40.964905322628695) (var real a)) (* (const real 14.625752690163806) (var real b)) (* (const real -39.24450019685281) (var real c)) (* (const real -265.8460189216237) (var real d)) (* (const real 25.129390178576237) (var real e))) (const real -106.69118463984496)))", "indices": [220], "solving_time": 0.05611109733581543, "selection_time": 0.20556187629699707}
{"type": "update", "theory": "(& (<= (+ (* (const real 9.846221407887723) (var real a)) (* (const real 145.7605273952461) (var real b)) (* (const real -114.59316761725304) (var real c)) (* (const real 275.2392150390618) (var real d)) (* (const real 297.4787245451536) (var real e))) (const real 368.2269769979384)) (<= (+ (* (const real -129.2119002523411) (var real a)) (* (const real -137.7034700657249) (var real b)) (* (const real 61.7109328319426) (var real c)) (* (const real 296.62275059747407) (var real d)) (* (const real -490.88269597978746) (var real e))) (const real -93.76966449984)) (<= (+ (* (const real -40.964905322628695) (var real a)) (* (const real 14.625752690163806) (var real b)) (* (const real -39.24450019685281) (var real c)) (* (const real -265.8460189216237) (var real d)) (* (const real 25.129390178576237) (var real e))) (const real -106.69118463984496)))", "indices": [476], "solving_time": 2.87129282951355, "selection_time": 0.15926480293273926}
{"type": "update", "theory": "(& (<= (+ (* (const real 9.846221407887723) (var real a)) (* (const real 145.7605273952461) (var real b)) (* (const real -114.59316761725304) (var real c)) (* (const real 275.2392150390618) (var real d)) (* (const real 297.4787245451536) (var real e))) (const real 368.2269769979384)) (<= (+ (* (const real -398.8558915522711) (var real a)) (* (const real -379.1791666566741) (var real b)) (* (const real 123.87337383583072) (var real c)) (* (const real 949.9086394957757) (var real d)) (* (const real -1388.2979249463824) (var real e))) (const real -222.14783714917968)) (<= (+ (* (const real -40.964905322628695) (var real a)) (* (const real 14.625752690163806) (var real b)) (* (const real -39.24450019685281) (var real c)) (* (const real -265.8460189216237) (var real d)) (* (const real 25.129390178576237) (var real e))) (const real -106.69118463984496)))", "indices": [323], "solving_time": 1.5032787322998047, "selection_time": 0.154541015625}
{"type": "update", "theory": "(& (<= (+ (* (const real 9.846221407887723) (var real a)) (* (const real 145.7605273952461) (var real b)) (* (const real -114.59316761725304) (var real c)) (* (const real 275.2392150390618) (var real d)) (* (const real 297.4787245451536) (var real e))) (const real 368.2269769979384)) (<= (+ (* (const real -438.1555480850977) (var real a)) (* (const real -214.7085917848201) (var real b)) (* (const real -24.835894252370327) (var real c)) (* (const real 441.18977321437944) (var real d)) (* (const real -986.2033375356846) (var real e))) (const real -384.18549559948354)) (<= (+ (* (const real -40.964905322628695) (var real a)) (* (const real 14.625752690163806) (var real b)) (* (const real -39.24450019685281) (var real c)) (* (const real -265.8460189216237) (var real d)) (* (const real 25.129390178576237) (var real e))) (const real -106.69118463984496)))", "indices": [352], "solving_time": 2.700562000274658, "selection_time": 0.15335488319396973}
{"type": "update", "theory": "(& (<= (+ (* (const real 50.81022192980505) (var real a)) (* (const real 329.1304048911959) (var real b)) (* (const real -288.39158361017957) (var real c)) (* (const real 617.9526873703051) (var real d)) (* (const real 642.6290156190493) (var real e))) (const real 815.8000641588021)) (<= (+ (* (const real -438.1555480850977) (var real a)) (* (const real -214.7085917848201) (var real b)) (* (const real -24.835894252370327) (var real c)) (* (const real 441.18977321437944) (var real d)) (* (const real -986.2033375356846) (var real e))) (const real -384.18549559948354)) (<= (+ (* (const real -40.964905322628695) (var real a)) (* (const real 14.625752690163806) (var real b)) (* (const real -39.24450019685281) (var real c)) (* (const real -265.8460189216237) (var real d)) (* (const real 25.129390178576237) (var real e))) (const real -106.69118463984496)))", "indices": [480], "solving_time": 0.12403321266174316, "selection_time": 0.19795989990234375}
{"type": "update", "theory": "(& (<= (+ (* (const real 6.847034121660123) (var real a)) (* (const real 61.67509973773836) (var real b)) (* (const real -39.806440870946915) (var real c)) (* (const real 115.88664377786712) (var real d)) (* (const real 104.90794167611725) (var real e))) (const real 150.59858446466635)) (<= (+ (* (const real -438.1555480850977) (var real a)) (* (const real -214.7085917848201) (var real b)) (* (const real -24.835894252370327) (var real c)) (* (const real 441.18977321437944) (var real d)) (* (const real -986.2033375356846) (var real e))) (const real -384.18549559948354)) (<= (+ (* (const real -40.964905322628695) (var real a)) (* (const real 14.625752690163806) (var real b)) (* (const real -39.24450019685281) (var real c)) (* (const real -265.8460189216237) (var real d)) (* (const real 25.129390178576237) (var real e))) (const real -106.69118463984496)))", "indices": [10], "solving_time": 2.1028549671173096, "selection_time": 0.27437686920166016}
{"type": "update", "theory": "(& (<= (+ (* (const real 6.847034121660123) (var real a)) (* (const real 61.67509973773836) (var real b)) (* (const real -39.806440870946915) (var real c)) (* (const real 115.88664377786712) (var real d)) (* (const real 104.90794167611725) (var real e))) (const real 150.59858446466635)) (<= (+ (* (const real -654.9050354740059) (var real a)) (* (const real -322.6865409213049) (var real b)) (* (const real -47.06239046335874) (var real c)) (* (const real 666.0499465906463) (var real d)) (* (const real -1486.9116883453187) (var real e))) (const real -579.3047557238804)) (<= (+ (* (const real -40.964905322628695) (var real a)) (* (const real 14.625752690163806) (var real b)) (* (const real -39.24450019685281) (var real c)) (* (const real -265.8460189216237) (var real d)) (* (const real 25.129390178576237) (var real e))) (const real -106.69118463984496)))", "indices": [85], "solving_time": 0.14960193634033203, "selection_time": 0.28053903579711914}
{"type": "update", "theory": "(& (<= (+ (* (const real 49.97314882194829) (var real a)) (* (const real 85.91354001541082) (var real b)) (* (const real -87.41438679149086) (var real c)) (* (const real 158.63926187364532) (var real d)) (* (const real 149.52503319654264) (var real e))) (const real 220.4617794252629)) (<= (+ (* (const real -654.9050354740059) (var real a)) (* (const real -322.6865409213049) (var real b)) (* (const real -47.06239046335874) (var real c)) (* (const real 666.0499465906463) (var real d)) (* (const real -1486.9116883453187) (var real e))) (const real -579.3047557238804)) (<= (+ (* (const real -40.964905322628695) (var real a)) (* (const real 14.625752690163806) (var real b)) (* (const real -39.24450019685281) (var real c)) (* (const real -265.8460189216237) (var real d)) (* (const real 25.129390178576237) (var real e))) (const real -106.69118463984496)))", "indices": [447], "solving_time": 2.002300262451172, "selection_time": 0.2702648639678955}
{"type": "update", "theory": "(& (<= (+ (* (const real 113.22339696960255) (var real a)) (* (const real 117.19398021987554) (var real b)) (* (const real -126.47829503332719) (var real c)) (* (const real 213.15721265699605) (var real d)) (* (const real 174.19802901938706) (var real e))) (const real 312.1043482598514)) (<= (+ (* (const real -654.9050354740059) (var real a)) (* (const real -322.6865409213049) (var real b)) (* (const real -47.06239046335874) (var real c)) (* (const real 666.0499465906463) (var real d)) (* (const real -1486.9116883453187) (var real e))) (const real -579.3047557238804)) (<= (+ (* (const real -40.964905322628695) (var real a)) (* (const real 14.625752690163806) (var real b)) (* (const real -39.24450019685281) (var real c)) (* (const real -265.8460189216237) (var real d)) (* (const real 25.129390178576237) (var real e))) (const real -106.69118463984496)))", "indices": [83], "solving_time": 0.7035069465637207, "selection_time": 0.14926600456237793}
{"type": "update", "theory": "(& (<= (+ (* (const real 26.224651300195237) (var real a)) (* (const real 178.51109031888763) (var real b)) (* (const real -17.071048029919407) (var real c)) (* (const real 42.84497692404907) (var real d)) (* (const real 45.874409245803584) (var real e))) (const real 175.15179490878296)) (<= (+ (* (const real -927.2357196234043) (var real a)) (* (const real -996.6240385315392) (var real b)) (* (const real -687.7993629772143) (var real c)) (* (const real 4847.015725940104) (var real d)) (* (const real 990.20414026164) (var real e))) (const real 2506.0221097097783)) (<= (+ (* (const real 65.26400308150589) (var real a)) (* (const real -41.02317708044983) (var real b)) (* (const real 42.195159875723625) (var real c)) (* (const real -284.1752948845752) (var real d)) (* (const real -39.52755832446233) (var real e))) (const real -77.5783423148313)))", "indices": [257], "solving_time": 69.34814620018005, "selection_time": 0.14348316192626953}
{"type": "update", "theory": "(& (<= (+ (* (const real 157.70971351324) (var real a)) (* (const real 1280.7597843177953) (var real b)) (* (const real -122.87696184963103) (var real c)) (* (const real 299.8768313671064) (var real d)) (* (const real 317.59695314216066) (var real e))) (const real 1227.5264379668158)) (<= (+ (* (const real -927.2357196234043) (var real a)) (* (const real -996.6240385315392) (var real b)) (* (const real -687.7993629772143) (var real c)) (* (const real 4847.015725940104) (var real d)) (* (const real 990.20414026164) (var real e))) (const real 2506.0221097097783)) (<= (+ (* (const real 65.26400308150589) (var real a)) (* (const real -41.02317708044983) (var real b)) (* (const real 42.195159875723625) (var real c)) (* (const real -284.1752948845752) (var real d)) (* (const real -39.52755832446233) (var real e))) (const real -77.5783423148313)))", "indices": [253], "solving_time": 0.2994711399078369, "selection_time": 0.1423170566558838}
{"type": "update", "theory": "(& (<= (+ (* (const real 251.98560896464593) (var real a)) (* (const real 642.742010866972) (var real b)) (* (const real -333.77648218301124) (var real c)) (* (const real 396.3808696880226) (var real d)) (* (const real 1111.6008382832465) (var real e))) (const real 1307.4600771978733)) (<= (+ (* (const real -112.24897829134915) (var real a)) (* (const real -11.06540296201053) (var real b)) (* (const real 12.741544976579306) (var real c)) (* (const real 184.5377535635145) (var real d)) (* (const real -71.4346577081751) (var real e))) (const real 42.516789649266606)) (<= (+ (* (const real 65.26400308150589) (var real a)) (* (const real -41.02317708044983) (var real b)) (* (const real 42.195159875723625) (var real c)) (* (const real -284.1752948845752) (var real d)) (* (const real -39.52755832446233) (var real e))) (const real -77.5783423148313)))", "indices": [238], "solving_time": 16.021224975585938, "selection_time": 0.14435195922851562}
