{"type": "initial", "indices": [453, 362, 6, 494, 375, 475, 426, 165, 192, 160, 499, 12, 259, 429, 324, 96, 371, 119, 128, 187]}
{"type": "update", "theory": "(& (<= (+ (* (const real -9.105260142996844) (var real x1)) (* (const real -8.17515693366486) (var real x2)) (* (const real -7.992754390360685) (var real x3)) (* (const real -4.027141388688074) (var real x4)) (* (const real -2.2281003078117734) (var real x5)) (* (const real -10.093056137937397) (var real x6))) (const real -27.760078269836452)) (<= (+ (* (const real -201.48050984640037) (var real x1)) (* (const real -650.8017962008304) (var real x2)) (* (const real -463.8625208387675) (var real x3)) (* (const real -481.0758318985647) (var real x4)) (* (const real -697.6151266378566) (var real x5)) (* (const real -569.075741496501) (var real x6))) (const real -2054.0625373225084)) (<= (+ (* (const real -8.074276951078462) (var real x1)) (* (const real -22.355188490734548) (var real x2)) (* (const real -16.224534650132814) (var real x3)) (* (const real -16.253712361858973) (var real x4)) (* (const real -21.61226924020454) (var real x5)) (* (const real -18.937173691110942) (var real x6))) (const real -69.5963047205072)))", "indices": [124], "solving_time": 0.8908159732818604, "selection_time": 0.20148468017578125}
{"type": "update", "theory": "(& (<= (+ (* (const real -11.302491622144341) (var real x1)) (* (const real -5.628117461384798) (var real x2)) (* (const real -12.033880686112663) (var real x3)) (* (const real -4.955048268967665) (var real x4)) (* (const real -1.442084658199223) (var real x5)) (* (const real -9.632512584979068) (var real x6))) (const real -28.599509615484873)) (<= (+ (* (const real -8.038682180827983) (var real x1)) (* (const real -12.846590858708266) (var real x2)) (* (const real -21.210895435089913) (var real x3)) (* (const real 2.53216366956576) (var real x4)) (* (const real -16.173253325906852) (var real x5)) (* (const real -33.6440623345659) (var real x6))) (const real -55.314857229084325)) (<= (+ (* (const real -10.145128687586137) (var real x1)) (* (const real -12.504373246942402) (var real x2)) (* (const real -25.861387835589188) (var real x3)) (* (const real 0.7540771989912862) (var real x4)) (* (const real -19.85919647925535) (var real x5)) (* (const real -40.41062642547951) (var real x6))) (const real -66.45351701985241)))", "indices": [323], "solving_time": 1.211620807647705, "selection_time": 0.20737004280090332}
{"type": "update", "theory": "(& (<= (+ (* (const real -11.302491622144341) (var real x1)) (* (const real -5.628117461384798) (var real x2)) (* (const real -12.033880686112663) (var real x3)) (* (const real -4.955048268967665) (var real x4)) (* (const real -1.442084658199223) (var real x5)) (* (const real -9.632512584979068) (var real x6))) (const real -28.599509615484873)) (<= (+ (* (const real -14.171560571167907) (var real x1)) (* (const real -31.807723592360645) (var real x2)) (* (const real -34.2999230872776) (var real x3)) (* (const real -8.3422361597886) (var real x4)) (* (const real -33.77416756936938) (var real x5)) (* (const real -47.36644575512486) (var real x6))) (const real -108.96793666302456)) (<= (+ (* (const real -14.11984159825989) (var real x1)) (* (const real -31.680962483814174) (var real x2)) (* (const real -34.16073428411555) (var real x3)) (* (const real -8.311976667204975) (var real x4)) (* (const real -33.6486741184945) (var real x5)) (* (const real -47.18553509851067) (var real x6))) (const real -108.54704355162932)))", "indices": [387], "solving_time": 0.32625412940979004, "selection_time": 0.20214605331420898}
{"type": "update", "theory": "(& (<= (+ (* (const real -151.03642200548876) (var real x1)) (* (const real -239.0392409540744) (var real x2)) (* (const real -184.6027069991022) (var real x3)) (* (const real -171.33767158249344) (var real x4)) (* (const real -175.5014497137821) (var real x5)) (* (const real -177.73446532925) (var real x6))) (const real -736.9000634296024)) (<= (+ (* (const real -34.5828487747668) (var real x1)) (* (const real -86.57182782241986) (var real x2)) (* (const real -77.94044390366318) (var real x3)) (* (const real -42.35732799957852) (var real x4)) (* (const real -89.52720665980297) (var real x5)) (* (const real -95.31820225093394) (var real x6))) (const real -278.6494281337853)) (<= (+ (* (const real -46.751977734693114) (var real x1)) (* (const real -126.59201554460233) (var real x2)) (* (const real -115.12298818581972) (var real x3)) (* (const real -50.62196481561556) (var real x4)) (* (const real -133.98727891539076) (var real x5)) (* (const real -149.74933547312116) (var real x6))) (const real -405.0432470118525)))", "indices": [211], "solving_time": 0.11764097213745117, "selection_time": 0.19711899757385254}
{"type": "update", "theory": "(& (<= (+ (* (const real -17.279040370121464) (var real x1)) (* (const real -4.146201077117664) (var real x2)) (* (const real -20.617614151311447) (var real x3)) (* (const real 8.356789090416207) (var real x4)) (* (const real 5.767359164657386) (var real x5)) (* (const real -23.619551161500326) (var real x6))) (const real -28.033894554395587)) (<= (+ (* (const real -34.5828487747668) (var real x1)) (* (const real -86.57182782241986) (var real x2)) (* (const real -77.94044390366318) (var real x3)) (* (const real -42.35732799957852) (var real x4)) (* (const real -89.52720665980297) (var real x5)) (* (const real -95.31820225093394) (var real x6))) (const real -278.6494281337853)) (<= (+ (* (const real -46.751977734693114) (var real x1)) (* (const real -126.59201554460233) (var real x2)) (* (const real -115.12298818581972) (var real x3)) (* (const real -50.62196481561556) (var real x4)) (* (const real -133.98727891539076) (var real x5)) (* (const real -149.74933547312116) (var real x6))) (const real -405.0432470118525)))", "indices": [484], "solving_time": 0.20537400245666504, "selection_time": 0.1967301368713379}
{"type": "update", "theory": "(& (<= (+ (* (const real -133.93565895044597) (var real x1)) (* (const real -199.8020585245749) (var real x2)) (* (const real -169.02163664908628) (var real x3)) (* (const real -100.97128166172158) (var real x4)) (* (const real -136.99691910762806) (var real x5)) (* (const real -196.45898149218348) (var real x6))) (const real -619.014081137961)) (<= (+ (* (const real -28.89618823507784) (var real x1)) (* (const real -87.50930667970371) (var real x2)) (* (const real -71.56770878312363) (var real x3)) (* (const real -67.8963355494717) (var real x4)) (* (const real -96.55979133073836) (var real x5)) (* (const real -69.1830141147092) (var real x6))) (const real -279.86041924994464)) (<= (+ (* (const real -46.751977734693114) (var real x1)) (* (const real -126.59201554460233) (var real x2)) (* (const real -115.12298818581972) (var real x3)) (* (const real -50.62196481561556) (var real x4)) (* (const real -133.98727891539076) (var real x5)) (* (const real -149.74933547312116) (var real x6))) (const real -405.0432470118525)))", "indices": [210], "solving_time": 0.41094970703125, "selection_time": 0.1974320411682129}
{"type": "update", "theory": "(& (<= (+ (* (const real -504.65667154617773) (var real x1)) (* (const real 36.05239500649664) (var real x2)) (* (const real -531.3842591328523) (var real x3)) (* (const real -64.5091269732238) (var real x4)) (* (const real 125.36367493325032) (var real x5)) (* (const real -25.3244148375228) (var real x6))) (const real -474.4425337056068)) (<= (+ (* (const real -153.77522172349396) (var real x1)) (* (const real -474.7765985450497) (var real x2)) (* (const real -394.8194171978569) (var real x3)) (* (const real -370.0911885000084) (var real x4)) (* (const real -538.3731463982376) (var real x5)) (* (const real -356.16567354480895) (var real x6))) (const real -1512.775698252157)) (<= (+ (* (const real -10.540670572107514) (var real x1)) (* (const real -33.216050151096816) (var real x2)) (* (const real -43.78805063561927) (var real x3)) (* (const real -37.864422744139695) (var real x4)) (* (const real -56.01520751293315) (var real x5)) (* (const real -34.92287270504327) (var real x6))) (const real -139.2350936637928)))", "indices": [315], "solving_time": 1.6383740901947021, "selection_time": 0.1965169906616211}
{"type": "update", "theory": "(& (<= (+ (* (const real -981.3356585079208) (var real x1)) (* (const real 71.00630667727434) (var real x2)) (* (const real -1034.3692901032464) (var real x3)) (* (const real -120.81287031600947) (var real x4)) (* (const real 243.82682561067026) (var real x5)) (* (const real -48.8004085453126) (var real x6))) (const real -917.4940300711881)) (<= (+ (* (const real -153.77522172349396) (var real x1)) (* (const real -474.7765985450497) (var real x2)) (* (const real -394.8194171978569) (var real x3)) (* (const real -370.0911885000084) (var real x4)) (* (const real -538.3731463982376) (var real x5)) (* (const real -356.16567354480895) (var real x6))) (const real -1512.775698252157)) (<= (+ (* (const real -10.540670572107514) (var real x1)) (* (const real -33.216050151096816) (var real x2)) (* (const real -43.78805063561927) (var real x3)) (* (const real -37.864422744139695) (var real x4)) (* (const real -56.01520751293315) (var real x5)) (* (const real -34.92287270504327) (var real x6))) (const real -139.2350936637928)))", "indices": [332], "solving_time": 0.25743794441223145, "selection_time": 0.19926905632019043}
{"type": "update", "theory": "(& (<= (+ (* (const real -6862.989525492756) (var real x1)) (* (const real -1031.858312483548) (var real x2)) (* (const real -7340.069474369225) (var real x3)) (* (const real -1841.1761144608192) (var real x4)) (* (const real 57.41992641987034) (var real x5)) (* (const real -1251.3584904166019) (var real x6))) (const real -10286.080773411235)) (<= (+ (* (const real -153.77522172349396) (var real x1)) (* (const real -474.7765985450497) (var real x2)) (* (const real -394.8194171978569) (var real x3)) (* (const real -370.0911885000084) (var real x4)) (* (const real -538.3731463982376) (var real x5)) (* (const real -356.16567354480895) (var real x6))) (const real -1512.775698252157)) (<= (+ (* (const real -10.540670572107514) (var real x1)) (* (const real -33.216050151096816) (var real x2)) (* (const real -43.78805063561927) (var real x3)) (* (const real -37.864422744139695) (var real x4)) (* (const real -56.01520751293315) (var real x5)) (* (const real -34.92287270504327) (var real x6))) (const real -139.2350936637928)))", "indices": [234], "solving_time": 0.25037431716918945, "selection_time": 0.22475409507751465}
{"type": "update", "theory": "(& (<= (+ (* (const real -6862.989525492756) (var real x1)) (* (const real -1031.858312483548) (var real x2)) (* (const real -7340.069474369225) (var real x3)) (* (const real -1841.1761144608192) (var real x4)) (* (const real 57.41992641987034) (var real x5)) (* (const real -1251.3584904166019) (var real x6))) (const real -10286.080773411235)) (<= (+ (* (const real -627.8638861654736) (var real x1)) (* (const real -501.24677988869354) (var real x2)) (* (const real 136.650207594817) (var real x3)) (* (const real -393.49132820436796) (var real x4)) (* (const real -676.5930074399648) (var real x5)) (* (const real -204.0961231022703) (var real x6))) (const real -1467.4371103327965)) (<= (+ (* (const real -10.540670572107514) (var real x1)) (* (const real -33.216050151096816) (var real x2)) (* (const real -43.78805063561927) (var real x3)) (* (const real -37.864422744139695) (var real x4)) (* (const real -56.01520751293315) (var real x5)) (* (const real -34.92287270504327) (var real x6))) (const real -139.2350936637928)))", "indices": [452], "solving_time": 0.424954891204834, "selection_time": 0.19528818130493164}
{"type": "update", "theory": "(& (<= (+ (* (const real -6862.989525492756) (var real x1)) (* (const real -1031.858312483548) (var real x2)) (* (const real -7340.069474369225) (var real x3)) (* (const real -1841.1761144608192) (var real x4)) (* (const real 57.41992641987034) (var real x5)) (* (const real -1251.3584904166019) (var real x6))) (const real -10286.080773411235)) (<= (+ (* (const real -151.08511228196164) (var real x1)) (* (const real -99.84956334931853) (var real x2)) (* (const real 50.84205110374028) (var real x3)) (* (const real -97.97775966989602) (var real x4)) (* (const real -185.60313193478436) (var real x5)) (* (const real -69.90000472694162) (var real x6))) (const real -353.5932118101706)) (<= (+ (* (const real -10.540670572107514) (var real x1)) (* (const real -33.216050151096816) (var real x2)) (* (const real -43.78805063561927) (var real x3)) (* (const real -37.864422744139695) (var real x4)) (* (const real -56.01520751293315) (var real x5)) (* (const real -34.92287270504327) (var real x6))) (const real -139.2350936637928)))", "indices": [396], "solving_time": 0.1239631175994873, "selection_time": 0.19659423828125}
{"type": "update", "theory": "(& (<= (+ (* (const real -6862.989525492756) (var real x1)) (* (const real -1031.858312483548) (var real x2)) (* (const real -7340.069474369225) (var real x3)) (* (const real -1841.1761144608192) (var real x4)) (* (const real 57.41992641987034) (var real x5)) (* (const real -1251.3584904166019) (var real x6))) (const real -10286.080773411235)) (<= (+ (* (const real -128.30611199797912) (var real x1)) (* (const real -74.77428268100483) (var real x2)) (* (const real 9.95515995778161) (var real x3)) (* (const real -66.15690322328514) (var real x4)) (* (const real -155.87221939705233) (var real x5)) (* (const real -119.72869750074713) (var real x6))) (const real -336.8559477212454)) (<= (+ (* (const real -10.540670572107514) (var real x1)) (* (const real -33.216050151096816) (var real x2)) (* (const real -43.78805063561927) (var real x3)) (* (const real -37.864422744139695) (var real x4)) (* (const real -56.01520751293315) (var real x5)) (* (const real -34.92287270504327) (var real x6))) (const real -139.2350936637928)))", "indices": [468], "solving_time": 0.03760933876037598, "selection_time": 0.19459915161132812}
{"type": "update", "theory": "(& (<= (+ (* (const real -6862.989525492756) (var real x1)) (* (const real -1031.858312483548) (var real x2)) (* (const real -7340.069474369225) (var real x3)) (* (const real -1841.1761144608192) (var real x4)) (* (const real 57.41992641987034) (var real x5)) (* (const real -1251.3584904166019) (var real x6))) (const real -10286.080773411235)) (<= (+ (* (const real -21.765993236291532) (var real x1)) (* (const real -13.498904693355822) (var real x2)) (* (const real -24.32229235360028) (var real x3)) (* (const real -38.40184585856297) (var real x4)) (* (const real -48.71956050893451) (var real x5)) (* (const real -39.70084005006118) (var real x6))) (const real -118.60998269541976)) (<= (+ (* (const real -10.540670572107514) (var real x1)) (* (const real -33.216050151096816) (var real x2)) (* (const real -43.78805063561927) (var real x3)) (* (const real -37.864422744139695) (var real x4)) (* (const real -56.01520751293315) (var real x5)) (* (const real -34.92287270504327) (var real x6))) (const real -139.2350936637928)))", "indices": [410], "solving_time": 0.10958194732666016, "selection_time": 0.19502520561218262}
{"type": "update", "theory": "(& (<= (+ (* (const real -6862.989525492756) (var real x1)) (* (const real -1031.858312483548) (var real x2)) (* (const real -7340.069474369225) (var real x3)) (* (const real -1841.1761144608192) (var real x4)) (* (const real 57.41992641987034) (var real x5)) (* (const real -1251.3584904166019) (var real x6))) (const real -10286.080773411235)) (<= (+ (* (const real -24.391555523065396) (var real x1)) (* (const real -79.45614272196977) (var real x2)) (* (const real -46.79271619674113) (var real x3)) (* (const real -51.17641852653085) (var real x4)) (* (const real -87.46975268813758) (var real x5)) (* (const real -60.07600557021137) (var real x6))) (const real -231.75205852632075)) (<= (+ (* (const real -14.27587083132806) (var real x1)) (* (const real -45.03931148438405) (var real x2)) (* (const real -53.44453715018026) (var real x3)) (* (const real -46.96381944756309) (var real x4)) (* (const real -69.19866978362685) (var real x5)) (* (const real -43.73523932980777) (var real x6))) (const real -176.4635567431702)))", "indices": [364], "solving_time": 0.15931200981140137, "selection_time": 0.19392108917236328}
{"type": "update", "theory": "(& (<= (+ (* (const real -6862.989525492756) (var real x1)) (* (const real -1031.858312483548) (var real x2)) (* (const real -7340.069474369225) (var real x3)) (* (const real -1841.1761144608192) (var real x4)) (* (const real 57.41992641987034) (var real x5)) (* (const real -1251.3584904166019) (var real x6))) (const real -10286.080773411235)) (<= (+ (* (const real -9.531348270008424) (var real x1)) (* (const real -10.765222748072425) (var real x2)) (* (const real -1.38683766662325) (var real x3)) (* (const real -5.594057015541275) (var real x4)) (* (const real -16.84695387670921) (var real x5)) (* (const real -9.363660269626575) (var real x6))) (const real -33.827549127021165)) (<= (+ (* (const real -14.27587083132806) (var real x1)) (* (const real -45.03931148438405) (var real x2)) (* (const real -53.44453715018026) (var real x3)) (* (const real -46.96381944756309) (var real x4)) (* (const real -69.19866978362685) (var real x5)) (* (const real -43.73523932980777) (var real x6))) (const real -176.4635567431702)))", "indices": [116], "solving_time": 0.14766621589660645, "selection_time": 0.193145751953125}
{"type": "update", "theory": "(& (<= (+ (* (const real -6862.989525492756) (var real x1)) (* (const real -1031.858312483548) (var real x2)) (* (const real -7340.069474369225) (var real x3)) (* (const real -1841.1761144608192) (var real x4)) (* (const real 57.41992641987034) (var real x5)) (* (const real -1251.3584904166019) (var real x6))) (const real -10286.080773411235)) (<= (+ (* (const real -9.265276844997624) (var real x1)) (* (const real -9.743435286769621) (var real x2)) (* (const real -1.3702059083476101) (var real x3)) (* (const real -5.742004659534198) (var real x4)) (* (const real -16.272364370754733) (var real x5)) (* (const real -9.073687955375016) (var real x6))) (const real -32.45324306076871)) (<= (+ (* (const real -14.27587083132806) (var real x1)) (* (const real -45.03931148438405) (var real x2)) (* (const real -53.44453715018026) (var real x3)) (* (const real -46.96381944756309) (var real x4)) (* (const real -69.19866978362685) (var real x5)) (* (const real -43.73523932980777) (var real x6))) (const real -176.4635567431702)))", "indices": [272], "solving_time": 0.11433196067810059, "selection_time": 0.19266605377197266}
{"type": "update", "theory": "(& (<= (+ (* (const real -6862.989525492756) (var real x1)) (* (const real -1031.858312483548) (var real x2)) (* (const real -7340.069474369225) (var real x3)) (* (const real -1841.1761144608192) (var real x4)) (* (const real 57.41992641987034) (var real x5)) (* (const real -1251.3584904166019) (var real x6))) (const real -10286.080773411235)) (<= (+ (* (const real -9.265276844997624) (var real x1)) (* (const real -9.743435286769621) (var real x2)) (* (const real -1.3702059083476101) (var real x3)) (* (const real -5.742004659534198) (var real x4)) (* (const real -16.272364370754733) (var real x5)) (* (const real -9.073687955375016) (var real x6))) (const real -32.45324306076871)) (<= (+ (* (const real -10.74180231507066) (var real x1)) (* (const real -103.24378139207394) (var real x2)) (* (const real -114.41656903554971) (var real x3)) (* (const real -110.06136594623916) (var real x4)) (* (const real -145.83456366931398) (var real x5)) (* (const real -105.02659277487346) (var real x6))) (const real -375.90053305607734)))", "indices": [459], "solving_time": 0.5980701446533203, "selection_time": 0.19248199462890625}
{"type": "update", "theory": "(& (<= (+ (* (const real -6862.989525492756) (var real x1)) (* (const real -1031.858312483548) (var real x2)) (* (const real -7340.069474369225) (var real x3)) (* (const real -1841.1761144608192) (var real x4)) (* (const real 57.41992641987034) (var real x5)) (* (const real -1251.3584904166019) (var real x6))) (const real -10286.080773411235)) (<= (+ (* (const real -9.265276844997624) (var real x1)) (* (const real -9.743435286769621) (var real x2)) (* (const real -1.3702059083476101) (var real x3)) (* (const real -5.742004659534198) (var real x4)) (* (const real -16.272364370754733) (var real x5)) (* (const real -9.073687955375016) (var real x6))) (const real -32.45324306076871)) (<= (+ (* (const real 83.25296147898138) (var real x1)) (* (const real -11.597995993953887) (var real x2)) (* (const real -56.506844778342696) (var real x3)) (* (const real -32.06040676287924) (var real x4)) (* (const real -51.32012357902184) (var real x5)) (* (const real -49.346293631701236) (var real x6))) (const real -39.09623117449042)))", "indices": [298], "solving_time": 1.4460127353668213, "selection_time": 0.19801068305969238}
{"type": "update", "theory": "(& (<= (+ (* (const real -6862.989525492756) (var real x1)) (* (const real -1031.858312483548) (var real x2)) (* (const real -7340.069474369225) (var real x3)) (* (const real -1841.1761144608192) (var real x4)) (* (const real 57.41992641987034) (var real x5)) (* (const real -1251.3584904166019) (var real x6))) (const real -10286.080773411235)) (<= (+ (* (const real -9.265276844997624) (var real x1)) (* (const real -9.743435286769621) (var real x2)) (* (const real -1.3702059083476101) (var real x3)) (* (const real -5.742004659534198) (var real x4)) (* (const real -16.272364370754733) (var real x5)) (* (const real -9.073687955375016) (var real x6))) (const real -32.45324306076871)) (<= (+ (* (const real 85.2806819322963) (var real x1)) (* (const real -12.162734314288983) (var real x2)) (* (const real -58.30187937734974) (var real x3)) (* (const real -33.001072280296036) (var real x4)) (* (const real -53.05314387800026) (var real x5)) (* (const real -50.85191389971261) (var real x6))) (const real -41.01895078994813)))", "indices": [97], "solving_time": 0.03763079643249512, "selection_time": 0.2013230323791504}
{"type": "update", "theory": "(& (<= (+ (* (const real -6862.989525492756) (var real x1)) (* (const real -1031.858312483548) (var real x2)) (* (const real -7340.069474369225) (var real x3)) (* (const real -1841.1761144608192) (var real x4)) (* (const real 57.41992641987034) (var real x5)) (* (const real -1251.3584904166019) (var real x6))) (const real -10286.080773411235)) (<= (+ (* (const real -34.34081231433665) (var real x1)) (* (const real -66.12726198084988) (var real x2)) (* (const real -22.088608501041374) (var real x3)) (* (const real -33.28253163453082) (var real x4)) (* (const real -68.27647143399429) (var real x5)) (* (const real -48.51116048897489) (var real x6))) (const real -175.3027513400607)) (<= (+ (* (const real 85.2806819322963) (var real x1)) (* (const real -12.162734314288983) (var real x2)) (* (const real -58.30187937734974) (var real x3)) (* (const real -33.001072280296036) (var real x4)) (* (const real -53.05314387800026) (var real x5)) (* (const real -50.85191389971261) (var real x6))) (const real -41.01895078994813)))", "indices": [144], "solving_time": 0.4400148391723633, "selection_time": 0.1930539608001709}
{"type": "update", "theory": "(& (<= (+ (* (const real -6862.989525492756) (var real x1)) (* (const real -1031.858312483548) (var real x2)) (* (const real -7340.069474369225) (var real x3)) (* (const real -1841.1761144608192) (var real x4)) (* (const real 57.41992641987034) (var real x5)) (* (const real -1251.3584904166019) (var real x6))) (const real -10286.080773411235)) (<= (+ (* (const real -24.88487697818495) (var real x1)) (* (const real -44.05953328355683) (var real x2)) (* (const real -7.561538383095235) (var real x3)) (* (const real -27.085653541579923) (var real x4)) (* (const real -47.07140351264505) (var real x5)) (* (const real -30.123833996179886) (var real x6))) (const real -116.24012607805136)) (<= (+ (* (const real 85.2806819322963) (var real x1)) (* (const real -12.162734314288983) (var real x2)) (* (const real -58.30187937734974) (var real x3)) (* (const real -33.001072280296036) (var real x4)) (* (const real -53.05314387800026) (var real x5)) (* (const real -50.85191389971261) (var real x6))) (const real -41.01895078994813)))", "indices": [338], "solving_time": 0.15689992904663086, "selection_time": 0.20017027854919434}
{"type": "update", "theory": "(& (<= (+ (* (const real -6862.989525492756) (var real x1)) (* (const real -1031.858312483548) (var real x2)) (* (const real -7340.069474369225) (var real x3)) (* (const real -1841.1761144608192) (var real x4)) (* (const real 57.41992641987034) (var real x5)) (* (const real -1251.3584904166019) (var real x6))) (const real -10286.080773411235)) (<= (+ (* (const real -53.5165354955742) (var real x1)) (* (const real -68.1533061713576) (var real x2)) (* (const real -71.25253130467914) (var real x3)) (* (const real -84.92984597015757) (var real x4)) (* (const real -90.40328897847311) (var real x5)) (* (const real -68.41142763800865) (var real x6))) (const real -286.2498407727038)) (<= (+ (* (const real 85.2806819322963) (var real x1)) (* (const real -12.162734314288983) (var real x2)) (* (const real -58.30187937734974) (var real x3)) (* (const real -33.001072280296036) (var real x4)) (* (const real -53.05314387800026) (var real x5)) (* (const real -50.85191389971261) (var real x6))) (const real -41.01895078994813)))", "indices": [74], "solving_time": 1.2200770378112793, "selection_time": 0.19641923904418945}
{"type": "update", "theory": "(& (<= (+ (* (const real -6862.989525492756) (var real x1)) (* (const real -1031.858312483548) (var real x2)) (* (const real -7340.069474369225) (var real x3)) (* (const real -1841.1761144608192) (var real x4)) (* (const real 57.41992641987034) (var real x5)) (* (const real -1251.3584904166019) (var real x6))) (const real -10286.080773411235)) (<= (+ (* (const real -189.14350687025296) (var real x1)) (* (const real -271.0906958701008) (var real x2)) (* (const real -269.3016356100496) (var real x3)) (* (const real -288.5502044469765) (var real x4)) (* (const real -295.3841299057275) (var real x5)) (* (const real -232.57228517123312) (var real x6))) (const real -1020.2652029486377)) (<= (+ (* (const real 85.2806819322963) (var real x1)) (* (const real -12.162734314288983) (var real x2)) (* (const real -58.30187937734974) (var real x3)) (* (const real -33.001072280296036) (var real x4)) (* (const real -53.05314387800026) (var real x5)) (* (const real -50.85191389971261) (var real x6))) (const real -41.01895078994813)))", "indices": [145], "solving_time": 2.0827040672302246, "selection_time": 0.19603586196899414}
{"type": "update", "theory": "(& (<= (+ (* (const real -6862.989525492756) (var real x1)) (* (const real -1031.858312483548) (var real x2)) (* (const real -7340.069474369225) (var real x3)) (* (const real -1841.1761144608192) (var real x4)) (* (const real 57.41992641987034) (var real x5)) (* (const real -1251.3584904166019) (var real x6))) (const real -10286.080773411235)) (<= (+ (* (const real -128.48259015785735) (var real x1)) (* (const real -181.6689720424381) (var real x2)) (* (const real -179.5103720838307) (var real x3)) (* (const real -195.4403414403891) (var real x4)) (* (const real -202.06708958546412) (var real x5)) (* (const real -158.43574564297182) (var real x6))) (const real -689.56264203402)) (<= (+ (* (const real 85.2806819322963) (var real x1)) (* (const real -12.162734314288983) (var real x2)) (* (const real -58.30187937734974) (var real x3)) (* (const real -33.001072280296036) (var real x4)) (* (const real -53.05314387800026) (var real x5)) (* (const real -50.85191389971261) (var real x6))) (const real -41.01895078994813)))", "indices": [430], "solving_time": 0.04336094856262207, "selection_time": 0.1929619312286377}
{"type": "update", "theory": "(& (<= (+ (* (const real -6862.989525492756) (var real x1)) (* (const real -1031.858312483548) (var real x2)) (* (const real -7340.069474369225) (var real x3)) (* (const real -1841.1761144608192) (var real x4)) (* (const real 57.41992641987034) (var real x5)) (* (const real -1251.3584904166019) (var real x6))) (const real -10286.080773411235)) (<= (+ (* (const real -101.40179528957361) (var real x1)) (* (const real -150.17600068020025) (var real x2)) (* (const real -138.01003374121106) (var real x3)) (* (const real -146.3035204087359) (var real x4)) (* (const real -150.63838008842328) (var real x5)) (* (const real -118.537597753875) (var real x6))) (const real -532.9519915110875)) (<= (+ (* (const real 85.2806819322963) (var real x1)) (* (const real -12.162734314288983) (var real x2)) (* (const real -58.30187937734974) (var real x3)) (* (const real -33.001072280296036) (var real x4)) (* (const real -53.05314387800026) (var real x5)) (* (const real -50.85191389971261) (var real x6))) (const real -41.01895078994813)))", "indices": [138], "solving_time": 0.571584939956665, "selection_time": 0.19042015075683594}
{"type": "update", "theory": "(& (<= (+ (* (const real -6862.989525492756) (var real x1)) (* (const real -1031.858312483548) (var real x2)) (* (const real -7340.069474369225) (var real x3)) (* (const real -1841.1761144608192) (var real x4)) (* (const real 57.41992641987034) (var real x5)) (* (const real -1251.3584904166019) (var real x6))) (const real -10286.080773411235)) (<= (+ (* (const real -84.38319606475251) (var real x1)) (* (const real -135.838791169484) (var real x2)) (* (const real -107.04280099796603) (var real x3)) (* (const real -105.00661774483511) (var real x4)) (* (const real -123.92844330112683) (var real x5)) (* (const real -83.11438600128007) (var real x6))) (const real -422.01971653756226)) (<= (+ (* (const real 85.2806819322963) (var real x1)) (* (const real -12.162734314288983) (var real x2)) (* (const real -58.30187937734974) (var real x3)) (* (const real -33.001072280296036) (var real x4)) (* (const real -53.05314387800026) (var real x5)) (* (const real -50.85191389971261) (var real x6))) (const real -41.01895078994813)))", "indices": [411], "solving_time": 1.0774672031402588, "selection_time": 0.18953585624694824}
{"type": "update", "theory": "(& (<= (+ (* (const real -6862.989525492756) (var real x1)) (* (const real -1031.858312483548) (var real x2)) (* (const real -7340.069474369225) (var real x3)) (* (const real -1841.1761144608192) (var real x4)) (* (const real 57.41992641987034) (var real x5)) (* (const real -1251.3584904166019) (var real x6))) (const real -10286.080773411235)) (<= (+ (* (const real -84.38319606475251) (var real x1)) (* (const real -135.838791169484) (var real x2)) (* (const real -107.04280099796603) (var real x3)) (* (const real -105.00661774483511) (var real x4)) (* (const real -123.92844330112683) (var real x5)) (* (const real -83.11438600128007) (var real x6))) (const real -422.01971653756226)) (<= (+ (* (const real 46.72244475474098) (var real x1)) (* (const real -4.252135673084357) (var real x2)) (* (const real -38.91022174552678) (var real x3)) (* (const real -27.620590155219457) (var real x4)) (* (const real -36.826644405331955) (var real x5)) (* (const real -34.10836090972573) (var real x6))) (const real -39.378452398008186)))", "indices": [381], "solving_time": 0.0711517333984375, "selection_time": 0.19658613204956055}
{"type": "update", "theory": "(& (<= (+ (* (const real -6862.989525492756) (var real x1)) (* (const real -1031.858312483548) (var real x2)) (* (const real -7340.069474369225) (var real x3)) (* (const real -1841.1761144608192) (var real x4)) (* (const real 57.41992641987034) (var real x5)) (* (const real -1251.3584904166019) (var real x6))) (const real -10286.080773411235)) (<= (+ (* (const real -84.38319606475251) (var real x1)) (* (const real -135.838791169484) (var real x2)) (* (const real -107.04280099796603) (var real x3)) (* (const real -105.00661774483511) (var real x4)) (* (const real -123.92844330112683) (var real x5)) (* (const real -83.11438600128007) (var real x6))) (const real -422.01971653756226)) (<= (+ (* (const real 75.86876280668668) (var real x1)) (* (const real -12.30990016567629) (var real x2)) (* (const real -64.4005043460352) (var real x3)) (* (const real -40.87744609172846) (var real x4)) (* (const real -61.383584835910874) (var real x5)) (* (const real -55.498939138594444) (var real x6))) (const real -66.27778427895538)))", "indices": [286], "solving_time": 2.5860049724578857, "selection_time": 0.1904141902923584}
{"type": "update", "theory": "(& (<= (+ (* (const real -267.155743236149) (var real x1)) (* (const real -264.24818741767336) (var real x2)) (* (const real -390.0854094378021) (var real x3)) (* (const real -347.0480014631688) (var real x4)) (* (const real -316.7286364490136) (var real x5)) (* (const real -243.64166481817648) (var real x6))) (const real -1178.6529766105384)) (<= (+ (* (const real -32.18099309608981) (var real x1)) (* (const real -54.47834452170236) (var real x2)) (* (const real -29.689638839148795) (var real x3)) (* (const real -28.9362103431074) (var real x4)) (* (const real -42.30253131473035) (var real x5)) (* (const real -32.4119015341965) (var real x6))) (const real -146.53355731716096)) (<= (+ (* (const real 75.86876280668668) (var real x1)) (* (const real -12.30990016567629) (var real x2)) (* (const real -64.4005043460352) (var real x3)) (* (const real -40.87744609172846) (var real x4)) (* (const real -61.383584835910874) (var real x5)) (* (const real -55.498939138594444) (var real x6))) (const real -66.27778427895538)))", "indices": [151], "solving_time": 2.1113100051879883, "selection_time": 0.18705224990844727}
{"type": "update", "theory": "(& (<= (+ (* (const real -267.155743236149) (var real x1)) (* (const real -264.24818741767336) (var real x2)) (* (const real -390.0854094378021) (var real x3)) (* (const real -347.0480014631688) (var real x4)) (* (const real -316.7286364490136) (var real x5)) (* (const real -243.64166481817648) (var real x6))) (const real -1178.6529766105384)) (<= (+ (* (const real -46.33722897316342) (var real x1)) (* (const real -71.6203169043564) (var real x2)) (* (const real -36.96773386788288) (var real x3)) (* (const real -34.580804118143824) (var real x4)) (* (const real -49.63455142054516) (var real x5)) (* (const real -37.63459139091528) (var real x6))) (const real -184.25261952702704)) (<= (+ (* (const real 75.86876280668668) (var real x1)) (* (const real -12.30990016567629) (var real x2)) (* (const real -64.4005043460352) (var real x3)) (* (const real -40.87744609172846) (var real x4)) (* (const real -61.383584835910874) (var real x5)) (* (const real -55.498939138594444) (var real x6))) (const real -66.27778427895538)))", "indices": [257], "solving_time": 0.061300039291381836, "selection_time": 0.18815398216247559}
{"type": "update", "theory": "(& (<= (+ (* (const real -267.155743236149) (var real x1)) (* (const real -264.24818741767336) (var real x2)) (* (const real -390.0854094378021) (var real x3)) (* (const real -347.0480014631688) (var real x4)) (* (const real -316.7286364490136) (var real x5)) (* (const real -243.64166481817648) (var real x6))) (const real -1178.6529766105384)) (<= (+ (* (const real -47.29165163722607) (var real x1)) (* (const real -83.9178425054319) (var real x2)) (* (const real -37.35252717848416) (var real x3)) (* (const real -24.503169097328726) (var real x4)) (* (const real -67.60003066497715) (var real x5)) (* (const real -24.306339357701702) (var real x6))) (const real -183.85543016269378)) (<= (+ (* (const real 75.86876280668668) (var real x1)) (* (const real -12.30990016567629) (var real x2)) (* (const real -64.4005043460352) (var real x3)) (* (const real -40.87744609172846) (var real x4)) (* (const real -61.383584835910874) (var real x5)) (* (const real -55.498939138594444) (var real x6))) (const real -66.27778427895538)))", "indices": [223], "solving_time": 0.8549611568450928, "selection_time": 0.18688607215881348}
{"type": "update", "theory": "(& (<= (+ (* (const real -267.155743236149) (var real x1)) (* (const real -264.24818741767336) (var real x2)) (* (const real -390.0854094378021) (var real x3)) (* (const real -347.0480014631688) (var real x4)) (* (const real -316.7286364490136) (var real x5)) (* (const real -243.64166481817648) (var real x6))) (const real -1178.6529766105384)) (<= (+ (* (const real -34.23612904361726) (var real x1)) (* (const real -43.172521070828914) (var real x2)) (* (const real -20.80855237102847) (var real x3)) (* (const real -23.919202943133456) (var real x4)) (* (const real -36.887060171476534) (var real x5)) (* (const real -31.161452921465834) (var real x6))) (const real -125.35751921702251)) (<= (+ (* (const real 75.86876280668668) (var real x1)) (* (const real -12.30990016567629) (var real x2)) (* (const real -64.4005043460352) (var real x3)) (* (const real -40.87744609172846) (var real x4)) (* (const real -61.383584835910874) (var real x5)) (* (const real -55.498939138594444) (var real x6))) (const real -66.27778427895538)))", "indices": [393], "solving_time": 2.249567985534668, "selection_time": 0.186431884765625}
{"type": "update", "theory": "(& (<= (+ (* (const real -267.155743236149) (var real x1)) (* (const real -264.24818741767336) (var real x2)) (* (const real -390.0854094378021) (var real x3)) (* (const real -347.0480014631688) (var real x4)) (* (const real -316.7286364490136) (var real x5)) (* (const real -243.64166481817648) (var real x6))) (const real -1178.6529766105384)) (<= (+ (* (const real -66.80349150169548) (var real x1)) (* (const real -80.34928026651538) (var real x2)) (* (const real -36.683794794082274) (var real x3)) (* (const real -43.29607082594814) (var real x4)) (* (const real -67.06991895512482) (var real x5)) (* (const real -58.99397199300644) (var real x6))) (const real -232.1586587217438)) (<= (+ (* (const real 75.86876280668668) (var real x1)) (* (const real -12.30990016567629) (var real x2)) (* (const real -64.4005043460352) (var real x3)) (* (const real -40.87744609172846) (var real x4)) (* (const real -61.383584835910874) (var real x5)) (* (const real -55.498939138594444) (var real x6))) (const real -66.27778427895538)))", "indices": [451], "solving_time": 1.360743761062622, "selection_time": 0.18656206130981445}
{"type": "update", "theory": "(& (<= (+ (* (const real -339.33536354193967) (var real x1)) (* (const real -410.8966948291242) (var real x2)) (* (const real -510.3158979241555) (var real x3)) (* (const real -436.3563488830232) (var real x4)) (* (const real -438.5023310459303) (var real x5)) (* (const real -325.32349153310815) (var real x6))) (const real -1594.7856890752767)) (<= (+ (* (const real -66.80349150169548) (var real x1)) (* (const real -80.34928026651538) (var real x2)) (* (const real -36.683794794082274) (var real x3)) (* (const real -43.29607082594814) (var real x4)) (* (const real -67.06991895512482) (var real x5)) (* (const real -58.99397199300644) (var real x6))) (const real -232.1586587217438)) (<= (+ (* (const real 75.86876280668668) (var real x1)) (* (const real -12.30990016567629) (var real x2)) (* (const real -64.4005043460352) (var real x3)) (* (const real -40.87744609172846) (var real x4)) (* (const real -61.383584835910874) (var real x5)) (* (const real -55.498939138594444) (var real x6))) (const real -66.27778427895538)))", "indices": [386], "solving_time": 1.3653969764709473, "selection_time": 0.1877150535583496}
{"type": "update", "theory": "(& (<= (+ (* (const real -339.33536354193967) (var real x1)) (* (const real -410.8966948291242) (var real x2)) (* (const real -510.3158979241555) (var real x3)) (* (const real -436.3563488830232) (var real x4)) (* (const real -438.5023310459303) (var real x5)) (* (const real -325.32349153310815) (var real x6))) (const real -1594.7856890752767)) (<= (+ (* (const real -41.98206236358059) (var real x1)) (* (const real -52.14948363175583) (var real x2)) (* (const real -24.194485505648778) (var real x3)) (* (const real -28.793913458073376) (var real x4)) (* (const real -44.57251524699198) (var real x5)) (* (const real -38.36948701472058) (var real x6))) (const real -151.401547011921)) (<= (+ (* (const real 75.86876280668668) (var real x1)) (* (const real -12.30990016567629) (var real x2)) (* (const real -64.4005043460352) (var real x3)) (* (const real -40.87744609172846) (var real x4)) (* (const real -61.383584835910874) (var real x5)) (* (const real -55.498939138594444) (var real x6))) (const real -66.27778427895538)))", "indices": [], "solving_time": 2.5931131839752197, "selection_time": 0.1847238540649414}
