{"type": "initial", "indices": [1692, 486, 667, 581, 873, 1006, 1637, 1425, 1404, 270, 1440, 755, 126, 990, 1407, 717, 1476, 1236, 102, 1003]}
{"type": "update", "theory": "(& (<= (+ (* (const real -0.9751974151311074) (var real x1)) (* (const real -0.8802374513815308) (var real x2)) (* (const real 0.8353455982196173) (var real x3)) (* (const real -0.919919734393736) (var real x4)) (* (const real -0.4073611744073022) (var real x5)) (* (const real 0.7152897859494465) (var real x6))) (const real -1.0)) (<= (+ (* (const real -0.28862491214951774) (var real x1)) (* (const real -1.1520238080548302) (var real x2)) (* (const real 0.6439146317145694) (var real x3)) (* (const real 0.09998261368312207) (var real x4)) (* (const real -0.8664428707814428) (var real x5)) (* (const real -0.1878866056143462) (var real x6))) (const real -1.0)))", "indices": [1389], "solving_time": 0.26940011978149414, "selection_time": 0.5427548885345459}
{"type": "update", "theory": "(& (<= (+ (* (const real -0.3166116998689097) (var real x1)) (* (const real -0.38933762368480945) (var real x2)) (* (const real -0.20684307414602143) (var real x3)) (* (const real -0.22587201830280865) (var real x4)) (* (const real -0.22276351004919748) (var real x5)) (* (const real -0.1360696070885803) (var real x6))) (const real -1.0)) (<= (+ (* (const real -0.3166116998689097) (var real x1)) (* (const real -0.38933762368480945) (var real x2)) (* (const real -0.20684307414602143) (var real x3)) (* (const real -0.22587201830280865) (var real x4)) (* (const real -0.22276351004919748) (var real x5)) (* (const real -0.1360696070885803) (var real x6))) (const real -1.0)))", "indices": [1639], "solving_time": 0.3294248580932617, "selection_time": 0.537114143371582}
{"type": "update", "theory": "(& (<= (+ (* (const real -0.3090739715727468) (var real x1)) (* (const real -0.3830033737093322) (var real x2)) (* (const real -0.2143394221023217) (var real x3)) (* (const real -0.22583730719693926) (var real x4)) (* (const real -0.2208563314898598) (var real x5)) (* (const real -0.1455655495793625) (var real x6))) (const real -1.0)) (<= (+ (* (const real -0.3090739715727468) (var real x1)) (* (const real -0.3830033737093322) (var real x2)) (* (const real -0.2143394221023217) (var real x3)) (* (const real -0.22583730719693926) (var real x4)) (* (const real -0.2208563314898598) (var real x5)) (* (const real -0.1455655495793625) (var real x6))) (const real -1.0)))", "indices": [920], "solving_time": 0.03467702865600586, "selection_time": 0.5376482009887695}
{"type": "update", "theory": "(& (<= (+ (* (const real -0.3029322058828948) (var real x1)) (* (const real -0.3778422060946629) (var real x2)) (* (const real -0.22044747095579853) (var real x3)) (* (const real -0.2258090244742529) (var real x4)) (* (const real -0.2193023561567181) (var real x5)) (* (const real -0.15330287460504471) (var real x6))) (const real -1.0)) (<= (+ (* (const real -0.3029322058828948) (var real x1)) (* (const real -0.3778422060946629) (var real x2)) (* (const real -0.22044747095579853) (var real x3)) (* (const real -0.2258090244742529) (var real x4)) (* (const real -0.2193023561567181) (var real x5)) (* (const real -0.15330287460504471) (var real x6))) (const real -1.0)))", "indices": [1081], "solving_time": 0.03413105010986328, "selection_time": 0.5375680923461914}
{"type": "update", "theory": "(& (<= (+ (* (const real -0.2662328515823902) (var real x1)) (* (const real -0.34700229319990655) (var real x2)) (* (const real -0.2569453545088811) (var real x3)) (* (const real -0.22564002459492435) (var real x4)) (* (const real -0.21001677051162546) (var real x5)) (* (const real -0.1995362945684356) (var real x6))) (const real -1.0)) (<= (+ (* (const real -0.2662328515823902) (var real x1)) (* (const real -0.34700229319990655) (var real x2)) (* (const real -0.2569453545088811) (var real x3)) (* (const real -0.22564002459492435) (var real x4)) (* (const real -0.21001677051162546) (var real x5)) (* (const real -0.1995362945684356) (var real x6))) (const real -1.0)))", "indices": [760], "solving_time": 0.036334991455078125, "selection_time": 0.559351921081543}
{"type": "update", "theory": "(& (<= (+ (* (const real -0.2775837712646347) (var real x1)) (* (const real -0.3061123938499039) (var real x2)) (* (const real -0.2546444893331606) (var real x3)) (* (const real -0.28922719361405125) (var real x4)) (* (const real -0.20982195061463435) (var real x5)) (* (const real -0.1505958179352202) (var real x6))) (const real -1.0)) (<= (+ (* (const real -0.2775837712646347) (var real x1)) (* (const real -0.3061123938499039) (var real x2)) (* (const real -0.2546444893331606) (var real x3)) (* (const real -0.28922719361405125) (var real x4)) (* (const real -0.20982195061463435) (var real x5)) (* (const real -0.1505958179352202) (var real x6))) (const real -1.0)))", "indices": [205], "solving_time": 0.15610599517822266, "selection_time": 0.5379488468170166}
{"type": "update", "theory": "(& (<= (+ (* (const real -0.3157019339378967) (var real x1)) (* (const real -0.3223898080270797) (var real x2)) (* (const real -0.24982881030253132) (var real x3)) (* (const real -0.2820128764681548) (var real x4)) (* (const real -0.24705435125586278) (var real x5)) (* (const real -0.08449086967835086) (var real x6))) (const real -1.0)) (<= (+ (* (const real -0.30420497173301503) (var real x1)) (* (const real -0.3119946313058105) (var real x2)) (* (const real -0.2271782973043583) (var real x3)) (* (const real -0.25121928014981415) (var real x4)) (* (const real -0.23174558539627307) (var real x5)) (* (const real -0.15763891312377207) (var real x6))) (const real -1.0)))", "indices": [1833], "solving_time": 0.16417980194091797, "selection_time": 0.5377378463745117}
{"type": "update", "theory": "(& (<= (+ (* (const real -0.3184261009171318) (var real x1)) (* (const real -0.3309565154264686) (var real x2)) (* (const real -0.25468266854088145) (var real x3)) (* (const real -0.29083071016541795) (var real x4)) (* (const real -0.2484949173653585) (var real x5)) (* (const real -0.0632731733797391) (var real x6))) (const real -1.0)) (<= (+ (* (const real -0.30137568573454226) (var real x1)) (* (const real -0.33926604878850475) (var real x2)) (* (const real -0.22343136496093163) (var real x3)) (* (const real -0.1947191534810278) (var real x4)) (* (const real -0.23809162714375676) (var real x5)) (* (const real -0.19842932835231983) (var real x6))) (const real -1.0)))", "indices": [1109], "solving_time": 0.2527430057525635, "selection_time": 0.5394721031188965}
{"type": "update", "theory": "(& (<= (+ (* (const real -0.2912931105942107) (var real x1)) (* (const real -0.344256464029923) (var real x2)) (* (const real -0.2948118036432078) (var real x3)) (* (const real -0.31687719247962093) (var real x4)) (* (const real -0.23383764381254035) (var real x5)) (* (const real -0.044698706851648284) (var real x6))) (const real -1.0)) (<= (+ (* (const real -0.3013987761040908) (var real x1)) (* (const real -0.3398383110421647) (var real x2)) (* (const real -0.22338710005671872) (var real x3)) (* (const real -0.1951803595959702) (var real x4)) (* (const real -0.23781289563417862) (var real x5)) (* (const real -0.19775989500476931) (var real x6))) (const real -1.0)))", "indices": [1578], "solving_time": 0.6097848415374756, "selection_time": 0.5388081073760986}
{"type": "update", "theory": "(& (<= (+ (* (const real -0.2864499804386823) (var real x1)) (* (const real -0.35084729039491197) (var real x2)) (* (const real -0.2693995131338533) (var real x3)) (* (const real -0.3101673537895805) (var real x4)) (* (const real -0.24206214215328606) (var real x5)) (* (const real -0.06429422851412935) (var real x6))) (const real -1.0)) (<= (+ (* (const real -0.30127396291553327) (var real x1)) (* (const real -0.33674499214052545) (var real x2)) (* (const real -0.22362637053805026) (var real x3)) (* (const real -0.1926873459754166) (var real x4)) (* (const real -0.23931955703207142) (var real x5)) (* (const real -0.20137846466251264) (var real x6))) (const real -1.0)))", "indices": [1369], "solving_time": 0.0747690200805664, "selection_time": 0.5403890609741211}
{"type": "update", "theory": "(& (<= (+ (* (const real -0.2864499804386823) (var real x1)) (* (const real -0.35084729039491197) (var real x2)) (* (const real -0.2693995131338533) (var real x3)) (* (const real -0.3101673537895805) (var real x4)) (* (const real -0.24206214215328606) (var real x5)) (* (const real -0.06429422851412935) (var real x6))) (const real -1.0)) (<= (+ (* (const real -0.30830479722797044) (var real x1)) (* (const real -0.3313693252134457) (var real x2)) (* (const real -0.21823417269531908) (var real x3)) (* (const real -0.20077485968199363) (var real x4)) (* (const real -0.24210583237055344) (var real x5)) (* (const real -0.1901993762403158) (var real x6))) (const real -1.0)))", "indices": [551], "solving_time": 0.04944896697998047, "selection_time": 0.5438868999481201}
{"type": "update", "theory": "(& (<= (+ (* (const real -0.2589032447944828) (var real x1)) (* (const real -0.44068143416578354) (var real x2)) (* (const real -0.1335159891971878) (var real x3)) (* (const real -0.3153472819433164) (var real x4)) (* (const real -0.3001118549662701) (var real x5)) (* (const real -0.08821593888310116) (var real x6))) (const real -1.0)) (<= (+ (* (const real -0.3075432268642497) (var real x1)) (* (const real -0.3363069530973417) (var real x2)) (* (const real -0.21862218526225496) (var real x3)) (* (const real -0.20310780921120705) (var real x4)) (* (const real -0.2396785996472571) (var real x5)) (* (const real -0.18673892567909942) (var real x6))) (const real -1.0)))", "indices": [250], "solving_time": 0.2569582462310791, "selection_time": 0.5400092601776123}
{"type": "update", "theory": "(& (<= (+ (* (const real -0.262775033461843) (var real x1)) (* (const real -0.41254490053618453) (var real x2)) (* (const real -0.15005005319529643) (var real x3)) (* (const real -0.3017766455506452) (var real x4)) (* (const real -0.28861340846412126) (var real x5)) (* (const real -0.11078929832391497) (var real x6))) (const real -1.0)) (<= (+ (* (const real -0.30881558378504387) (var real x1)) (* (const real -0.3280576496716048) (var real x2)) (* (const real -0.21797393199714105) (var real x3)) (* (const real -0.19921014640713472) (var real x4)) (* (const real -0.2437337815463739) (var real x5)) (* (const real -0.19252030640289577) (var real x6))) (const real -1.0)))", "indices": [1290], "solving_time": 0.03817391395568848, "selection_time": 0.5356948375701904}
{"type": "update", "theory": "(& (<= (+ (* (const real -0.2631483462490369) (var real x1)) (* (const real -0.4098320128520535) (var real x2)) (* (const real -0.15164424596899037) (var real x3)) (* (const real -0.30046818258146235) (var real x4)) (* (const real -0.28750474332743564) (var real x5)) (* (const real -0.11296579204636928) (var real x6))) (const real -1.0)) (<= (+ (* (const real -0.3089382627712219) (var real x1)) (* (const real -0.32726226265055397) (var real x2)) (* (const real -0.21791142826721197) (var real x3)) (* (const real -0.1988343388696014) (var real x4)) (* (const real -0.24412477686853581) (var real x5)) (* (const real -0.19307773955259835) (var real x6))) (const real -1.0)))", "indices": [1668], "solving_time": 0.03978395462036133, "selection_time": 0.5369598865509033}
{"type": "update", "theory": "(& (<= (+ (* (const real -0.26416929701274455) (var real x1)) (* (const real -0.33405393468074795) (var real x2)) (* (const real -0.2096695896964261) (var real x3)) (* (const real -0.2907896946229851) (var real x4)) (* (const real -0.280172860551908) (var real x5)) (* (const real -0.1374115118595489) (var real x6))) (const real -1.0)) (<= (+ (* (const real -0.3090331235015366) (var real x1)) (* (const real -0.32664723479574026) (var real x2)) (* (const real -0.2178630976634697) (var real x3)) (* (const real -0.19854374812884906) (var real x4)) (* (const real -0.24442711146523788) (var real x5)) (* (const real -0.19350877111986065) (var real x6))) (const real -1.0)))", "indices": [1761], "solving_time": 0.22903800010681152, "selection_time": 0.5362050533294678}
{"type": "update", "theory": "(& (<= (+ (* (const real -0.15079455245399928) (var real x1)) (* (const real -0.1983267900239698) (var real x2)) (* (const real -0.1817289586986239) (var real x3)) (* (const real -0.2123002481625842) (var real x4)) (* (const real -0.3938209701117227) (var real x5)) (* (const real -0.3935704226224884) (var real x6))) (const real -1.0)) (<= (+ (* (const real -0.3075432268642497) (var real x1)) (* (const real -0.3363069530973417) (var real x2)) (* (const real -0.21862218526225496) (var real x3)) (* (const real -0.20310780921120705) (var real x4)) (* (const real -0.2396785996472571) (var real x5)) (* (const real -0.18673892567909942) (var real x6))) (const real -1.0)))", "indices": [522], "solving_time": 0.2765531539916992, "selection_time": 0.5365078449249268}
{"type": "update", "theory": "(& (<= (+ (* (const real -0.1553300297555311) (var real x1)) (* (const real -0.19666443186549964) (var real x2)) (* (const real -0.17178138254488737) (var real x3)) (* (const real -0.20061520308334535) (var real x4)) (* (const real -0.4049391309782148) (var real x5)) (* (const real -0.4009006990317757) (var real x6))) (const real -1.0)) (<= (+ (* (const real -0.3086528477056992) (var real x1)) (* (const real -0.32911274614248437) (var real x2)) (* (const real -0.21805684441979772) (var real x3)) (* (const real -0.1997086624704941) (var real x4)) (* (const real -0.24321511858906478) (var real x5)) (* (const real -0.19178086040561826) (var real x6))) (const real -1.0)))", "indices": [1373], "solving_time": 0.039186954498291016, "selection_time": 0.5352599620819092}
{"type": "update", "theory": "(& (<= (+ (* (const real -0.13468595072987488) (var real x1)) (* (const real -0.1680480453296564) (var real x2)) (* (const real -0.17768439291507734) (var real x3)) (* (const real -0.20194716741338783) (var real x4)) (* (const real -0.44240057097445623) (var real x5)) (* (const real -0.4187348116553839) (var real x6))) (const real -1.0)) (<= (+ (* (const real -0.3075432268642497) (var real x1)) (* (const real -0.3363069530973417) (var real x2)) (* (const real -0.21862218526225496) (var real x3)) (* (const real -0.20310780921120705) (var real x4)) (* (const real -0.2396785996472571) (var real x5)) (* (const real -0.18673892567909942) (var real x6))) (const real -1.0)))", "indices": [1533], "solving_time": 0.3825373649597168, "selection_time": 0.5353817939758301}
{"type": "update", "theory": "(& (<= (+ (* (const real -0.13468215617614956) (var real x1)) (* (const real -0.1680715427507126) (var real x2)) (* (const real -0.17769036312965344) (var real x3)) (* (const real -0.20196758784759128) (var real x4)) (* (const real -0.4423693478933324) (var real x5)) (* (const real -0.4187173847655934) (var real x6))) (const real -1.0)) (<= (+ (* (const real -0.3075432268642497) (var real x1)) (* (const real -0.3363069530973417) (var real x2)) (* (const real -0.21862218526225496) (var real x3)) (* (const real -0.20310780921120705) (var real x4)) (* (const real -0.2396785996472571) (var real x5)) (* (const real -0.18673892567909942) (var real x6))) (const real -1.0)))", "indices": [1110], "solving_time": 0.06838798522949219, "selection_time": 0.5360441207885742}
{"type": "update", "theory": "(& (<= (+ (* (const real -0.19942719942106038) (var real x1)) (* (const real -0.14771216208986093) (var real x2)) (* (const real -0.16260254047644948) (var real x3)) (* (const real -0.20670820026663497) (var real x4)) (* (const real -0.42039878339341075) (var real x5)) (* (const real -0.4019240943107545) (var real x6))) (const real -1.0)) (<= (+ (* (const real -0.3075432268642497) (var real x1)) (* (const real -0.3363069530973417) (var real x2)) (* (const real -0.21862218526225496) (var real x3)) (* (const real -0.20310780921120705) (var real x4)) (* (const real -0.2396785996472571) (var real x5)) (* (const real -0.18673892567909942) (var real x6))) (const real -1.0)))", "indices": [237], "solving_time": 0.7118020057678223, "selection_time": 0.5360062122344971}
{"type": "update", "theory": "(& (<= (+ (* (const real -0.11441926152865031) (var real x1)) (* (const real -0.16126353928042247) (var real x2)) (* (const real -0.2227216173761945) (var real x3)) (* (const real -0.22242488319637643) (var real x4)) (* (const real -0.43684924834638755) (var real x5)) (* (const real -0.4022225737328166) (var real x6))) (const real -1.0)) (<= (+ (* (const real -0.3093337390098647) (var real x1)) (* (const real -0.3246981995037148) (var real x2)) (* (const real -0.21770993703563585) (var real x3)) (* (const real -0.19762286039209168) (var real x4)) (* (const real -0.24538521571102218) (var real x5)) (* (const real -0.1948747185806074) (var real x6))) (const real -1.0)))", "indices": [774], "solving_time": 0.22814011573791504, "selection_time": 0.5387940406799316}
{"type": "update", "theory": "(& (<= (+ (* (const real -0.1720772325707305) (var real x1)) (* (const real -0.24341052411436637) (var real x2)) (* (const real -0.1783243254409481) (var real x3)) (* (const real -0.24318435496861718) (var real x4)) (* (const real -0.36464345470891907) (var real x5)) (* (const real -0.3266622170670909) (var real x6))) (const real -1.0)) (<= (+ (* (const real -0.3075432268642497) (var real x1)) (* (const real -0.3363069530973417) (var real x2)) (* (const real -0.21862218526225496) (var real x3)) (* (const real -0.20310780921120705) (var real x4)) (* (const real -0.2396785996472571) (var real x5)) (* (const real -0.18673892567909942) (var real x6))) (const real -1.0)))", "indices": [1427], "solving_time": 0.13472580909729004, "selection_time": 0.5360591411590576}
{"type": "update", "theory": "(& (<= (+ (* (const real -0.16962591527656676) (var real x1)) (* (const real -0.24593740313665238) (var real x2)) (* (const real -0.17661166433964626) (var real x3)) (* (const real -0.24392923951043158) (var real x4)) (* (const real -0.3662886957891435) (var real x5)) (* (const real -0.32744252127086554) (var real x6))) (const real -1.0)) (<= (+ (* (const real -0.30704101869343553) (var real x1)) (* (const real -0.3395630108247159) (var real x2)) (* (const real -0.21887805535749044) (var real x3)) (* (const real -0.20464624396586814) (var real x4)) (* (const real -0.23807799100467372) (var real x5)) (* (const real -0.18445697429374017) (var real x6))) (const real -1.0)))", "indices": [887], "solving_time": 0.05490517616271973, "selection_time": 0.5339791774749756}
{"type": "update", "theory": "(& (<= (+ (* (const real -0.18477268715525286) (var real x1)) (* (const real -0.3051926987857037) (var real x2)) (* (const real -0.21674980234177366) (var real x3)) (* (const real -0.29753017289244027) (var real x4)) (* (const real -0.27934011207992177) (var real x5)) (* (const real -0.250805930878816) (var real x6))) (const real -1.0)) (<= (+ (* (const real -0.30704101869343553) (var real x1)) (* (const real -0.3395630108247159) (var real x2)) (* (const real -0.21887805535749044) (var real x3)) (* (const real -0.20464624396586814) (var real x4)) (* (const real -0.23807799100467372) (var real x5)) (* (const real -0.18445697429374017) (var real x6))) (const real -1.0)))", "indices": [1463], "solving_time": 0.21882891654968262, "selection_time": 0.5326871871948242}
{"type": "update", "theory": "(& (<= (+ (* (const real -0.11975589275215284) (var real x1)) (* (const real -0.2357725385563003) (var real x2)) (* (const real -0.3416207587223157) (var real x3)) (* (const real -0.29431799394953007) (var real x4)) (* (const real -0.3078646242899543) (var real x5)) (* (const real -0.27316331768467406) (var real x6))) (const real -1.0)) (<= (+ (* (const real -0.30704101869343553) (var real x1)) (* (const real -0.3395630108247159) (var real x2)) (* (const real -0.21887805535749044) (var real x3)) (* (const real -0.20464624396586814) (var real x4)) (* (const real -0.23807799100467372) (var real x5)) (* (const real -0.18445697429374017) (var real x6))) (const real -1.0)))", "indices": [959], "solving_time": 1.8439111709594727, "selection_time": 0.5334649085998535}
{"type": "update", "theory": "(& (<= (+ (* (const real -0.11957159930628217) (var real x1)) (* (const real -0.2358916751855986) (var real x2)) (* (const real -0.34175026092191363) (var real x3)) (* (const real -0.29428351840302647) (var real x4)) (* (const real -0.3077858742785678) (var real x5)) (* (const real -0.2733052371796332) (var real x6))) (const real -1.0)) (<= (+ (* (const real -0.30679538091420255) (var real x1)) (* (const real -0.3396717381669999) (var real x2)) (* (const real -0.2197019507203488) (var real x3)) (* (const real -0.2055803701571337) (var real x4)) (* (const real -0.23658427182482367) (var real x5)) (* (const real -0.18488845267980766) (var real x6))) (const real -1.0)))", "indices": [1262], "solving_time": 0.058370113372802734, "selection_time": 0.5331251621246338}
{"type": "update", "theory": "(& (<= (+ (* (const real -0.11503675575618402) (var real x1)) (* (const real -0.2388232280273253) (var real x2)) (* (const real -0.3449368756807596) (var real x3)) (* (const real -0.29343519084064695) (var real x4)) (* (const real -0.3058481006397972) (var real x5)) (* (const real -0.27679739992751595) (var real x6))) (const real -1.0)) (<= (+ (* (const real -0.2847838114604907) (var real x1)) (* (const real -0.3269488782349232) (var real x2)) (* (const real -0.24162587419900305) (var real x3)) (* (const real -0.22232453284004697) (var real x4)) (* (const real -0.2258207536494698) (var real x5)) (* (const real -0.19425026382972307) (var real x6))) (const real -1.0)))", "indices": [69], "solving_time": 0.1670668125152588, "selection_time": 0.5335333347320557}
{"type": "update", "theory": "(& (<= (+ (* (const real -0.2014380143234981) (var real x1)) (* (const real -0.25738627330759545) (var real x2)) (* (const real -0.2554028526789891) (var real x3)) (* (const real -0.26415085787792314) (var real x4)) (* (const real -0.29267072657693527) (var real x5)) (* (const real -0.2527395987998774) (var real x6))) (const real -1.0)) (<= (+ (* (const real -0.2847838114604907) (var real x1)) (* (const real -0.3269488782349232) (var real x2)) (* (const real -0.24162587419900305) (var real x3)) (* (const real -0.22232453284004697) (var real x4)) (* (const real -0.2258207536494698) (var real x5)) (* (const real -0.19425026382972307) (var real x6))) (const real -1.0)))", "indices": [963], "solving_time": 0.06053304672241211, "selection_time": 0.5314466953277588}
{"type": "update", "theory": "(& (<= (+ (* (const real -0.2049008431954121) (var real x1)) (* (const real -0.2564351030262738) (var real x2)) (* (const real -0.2524709632303986) (var real x3)) (* (const real -0.26401243075175773) (var real x4)) (* (const real -0.2932837635061118) (var real x5)) (* (const real -0.250807804524791) (var real x6))) (const real -1.0)) (<= (+ (* (const real -0.28665018448941065) (var real x1)) (* (const real -0.3334288612771029) (var real x2)) (* (const real -0.2432174457517287) (var real x3)) (* (const real -0.22286577793157128) (var real x4)) (* (const real -0.21706048876412043) (var real x5)) (* (const real -0.1969993875655968) (var real x6))) (const real -1.0)))", "indices": [1769], "solving_time": 0.07275605201721191, "selection_time": 0.5310289859771729}
{"type": "update", "theory": "(& (<= (+ (* (const real -0.17229610386947072) (var real x1)) (* (const real -0.20492409335520848) (var real x2)) (* (const real -0.3338734538716195) (var real x3)) (* (const real -0.31255549787693254) (var real x4)) (* (const real -0.28470597884683185) (var real x5)) (* (const real -0.2657348114941354) (var real x6))) (const real -1.0)) (<= (+ (* (const real -0.28665018448941065) (var real x1)) (* (const real -0.3334288612771029) (var real x2)) (* (const real -0.2432174457517287) (var real x3)) (* (const real -0.22286577793157128) (var real x4)) (* (const real -0.21706048876412043) (var real x5)) (* (const real -0.1969993875655968) (var real x6))) (const real -1.0)))", "indices": [1023], "solving_time": 0.07601714134216309, "selection_time": 0.5375981330871582}
{"type": "update", "theory": "(& (<= (+ (* (const real -0.17229610386947072) (var real x1)) (* (const real -0.20492409335520848) (var real x2)) (* (const real -0.3338734538716195) (var real x3)) (* (const real -0.31255549787693254) (var real x4)) (* (const real -0.28470597884683185) (var real x5)) (* (const real -0.2657348114941354) (var real x6))) (const real -1.0)) (<= (+ (* (const real -0.2886295187403403) (var real x1)) (* (const real -0.33498862111799965) (var real x2)) (* (const real -0.2432862508947551) (var real x3)) (* (const real -0.20918967555479598) (var real x4)) (* (const real -0.23350702608326007) (var real x5)) (* (const real -0.19232287194517286) (var real x6))) (const real -1.0)))", "indices": [1492], "solving_time": 0.6459810733795166, "selection_time": 0.5346770286560059}
{"type": "update", "theory": "(& (<= (+ (* (const real -0.17328562075235468) (var real x1)) (* (const real -0.20817356182159563) (var real x2)) (* (const real -0.3299028111422619) (var real x3)) (* (const real -0.3097649541099517) (var real x4)) (* (const real -0.2850445427391981) (var real x5)) (* (const real -0.2653727591008775) (var real x6))) (const real -1.0)) (<= (+ (* (const real -0.2757981842271655) (var real x1)) (* (const real -0.35087375404701) (var real x2)) (* (const real -0.2365692826591534) (var real x3)) (* (const real -0.20474373539614307) (var real x4)) (* (const real -0.2365903345603956) (var real x5)) (* (const real -0.20454645742794647) (var real x6))) (const real -1.0)))", "indices": [396], "solving_time": 1.3999409675598145, "selection_time": 0.5318350791931152}
{"type": "update", "theory": "(& (<= (+ (* (const real -0.17229610386947072) (var real x1)) (* (const real -0.20492409335520848) (var real x2)) (* (const real -0.3338734538716195) (var real x3)) (* (const real -0.31255549787693254) (var real x4)) (* (const real -0.28470597884683185) (var real x5)) (* (const real -0.2657348114941354) (var real x6))) (const real -1.0)) (<= (+ (* (const real -0.2769243289469222) (var real x1)) (* (const real -0.3691345759601102) (var real x2)) (* (const real -0.25530709395561346) (var real x3)) (* (const real -0.19906517753957204) (var real x4)) (* (const real -0.22476991933999077) (var real x5)) (* (const real -0.19194094303765202) (var real x6))) (const real -1.0)))", "indices": [1295], "solving_time": 0.10200190544128418, "selection_time": 0.530297040939331}
{"type": "update", "theory": "(& (<= (+ (* (const real -0.19115697030323794) (var real x1)) (* (const real -0.24488086554761762) (var real x2)) (* (const real -0.2726481215971334) (var real x3)) (* (const real -0.2711437196456117) (var real x4)) (* (const real -0.2972274093574531) (var real x5)) (* (const real -0.2595846049860763) (var real x6))) (const real -1.0)) (<= (+ (* (const real -0.2723357615883104) (var real x1)) (* (const real -0.35902147059579276) (var real x2)) (* (const real -0.24376463592772446) (var real x3)) (* (const real -0.19526647634957092) (var real x4)) (* (const real -0.23831432681767425) (var real x5)) (* (const real -0.20749894262570306) (var real x6))) (const real -1.0)))", "indices": [211], "solving_time": 0.1610567569732666, "selection_time": 0.5316801071166992}
{"type": "update", "theory": "(& (<= (+ (* (const real -0.15842696710114906) (var real x1)) (* (const real -0.22962958156069474) (var real x2)) (* (const real -0.30898075977547823) (var real x3)) (* (const real -0.28757476245076713) (var real x4)) (* (const real -0.3145814235804115) (var real x5)) (* (const real -0.25388427777534606) (var real x6))) (const real -1.0)) (<= (+ (* (const real -0.2732927158067936) (var real x1)) (* (const real -0.3607321632753626) (var real x2)) (* (const real -0.24515393539283198) (var real x3)) (* (const real -0.1974807738117618) (var real x4)) (* (const real -0.23524323586130716) (var real x5)) (* (const real -0.20386692169676407) (var real x6))) (const real -1.0)))", "indices": [1395], "solving_time": 0.4039170742034912, "selection_time": 0.5352532863616943}
{"type": "update", "theory": "(& (<= (+ (* (const real -0.12784927169178195) (var real x1)) (* (const real -0.23824163901460677) (var real x2)) (* (const real -0.3396368766558328) (var real x3)) (* (const real -0.28944106374462275) (var real x4)) (* (const real -0.31776479130691826) (var real x5)) (* (const real -0.26545563426967445) (var real x6))) (const real -1.0)) (<= (+ (* (const real -0.2723357615883104) (var real x1)) (* (const real -0.35902147059579276) (var real x2)) (* (const real -0.24376463592772446) (var real x3)) (* (const real -0.19526647634957092) (var real x4)) (* (const real -0.23831432681767425) (var real x5)) (* (const real -0.20749894262570306) (var real x6))) (const real -1.0)))", "indices": [1368], "solving_time": 7.501635789871216, "selection_time": 0.5347459316253662}
{"type": "update", "theory": "(& (<= (+ (* (const real -0.12845895584559577) (var real x1)) (* (const real -0.23745853300908207) (var real x2)) (* (const real -0.3385668922163314) (var real x3)) (* (const real -0.2894851389896517) (var real x4)) (* (const real -0.31787123841042386) (var real x5)) (* (const real -0.26625338472633336) (var real x6))) (const real -1.0)) (<= (+ (* (const real -0.2723357615883104) (var real x1)) (* (const real -0.35902147059579276) (var real x2)) (* (const real -0.24376463592772446) (var real x3)) (* (const real -0.19526647634957092) (var real x4)) (* (const real -0.23831432681767425) (var real x5)) (* (const real -0.20749894262570306) (var real x6))) (const real -1.0)))", "indices": [1782], "solving_time": 0.7960147857666016, "selection_time": 0.5361952781677246}
{"type": "update", "theory": "(& (<= (+ (* (const real -0.1404060965171962) (var real x1)) (* (const real -0.2252597853484366) (var real x2)) (* (const real -0.3605242719019387) (var real x3)) (* (const real -0.3055891984884487) (var real x4)) (* (const real -0.3066835823714049) (var real x5)) (* (const real -0.23539025734950483) (var real x6))) (const real -1.0)) (<= (+ (* (const real -0.27572558113219137) (var real x1)) (* (const real -0.358587175826742) (var real x2)) (* (const real -0.2232009456136976) (var real x3)) (* (const real -0.20884277155845316) (var real x4)) (* (const real -0.24102342354923445) (var real x5)) (* (const real -0.201587303452611) (var real x6))) (const real -1.0)))", "indices": [96], "solving_time": 7.362378358840942, "selection_time": 0.5289261341094971}
{"type": "update", "theory": "(& (<= (+ (* (const real -0.19098024045550072) (var real x1)) (* (const real -0.2183998779405147) (var real x2)) (* (const real -0.368966615799262) (var real x3)) (* (const real -0.27986579115195004) (var real x4)) (* (const real -0.28769322515963996) (var real x5)) (* (const real -0.20678454803058866) (var real x6))) (const real -1.0)) (<= (+ (* (const real -0.32204250741022816) (var real x1)) (* (const real -0.40233290666874516) (var real x2)) (* (const real -0.159008520938034) (var real x3)) (* (const real -0.24352850569828471) (var real x4)) (* (const real -0.22942148916578928) (var real x5)) (* (const real -0.17734607803929342) (var real x6))) (const real -1.0)))", "indices": [892], "solving_time": 4.656696081161499, "selection_time": 0.5283477306365967}
{"type": "update", "theory": "(& (<= (+ (* (const real -0.22731487569410844) (var real x1)) (* (const real -0.15152468150830092) (var real x2)) (* (const real -0.293563353812947) (var real x3)) (* (const real -0.28508684743841706) (var real x4)) (* (const real -0.3370319662534371) (var real x5)) (* (const real -0.2665460821006533) (var real x6))) (const real -1.0)) (<= (+ (* (const real -0.32204250741022816) (var real x1)) (* (const real -0.40233290666874516) (var real x2)) (* (const real -0.159008520938034) (var real x3)) (* (const real -0.24352850569828471) (var real x4)) (* (const real -0.22942148916578928) (var real x5)) (* (const real -0.17734607803929342) (var real x6))) (const real -1.0)))", "indices": [1018], "solving_time": 12.872302055358887, "selection_time": 0.5317611694335938}
{"type": "update", "theory": "(& (<= (+ (* (const real -0.23700457875812517) (var real x1)) (* (const real -0.14618613734235575) (var real x2)) (* (const real -0.32183438571860556) (var real x3)) (* (const real -0.2809230295630788) (var real x4)) (* (const real -0.31507022619753866) (var real x5)) (* (const real -0.2510025010633597) (var real x6))) (const real -1.0)) (<= (+ (* (const real -0.32204250741022816) (var real x1)) (* (const real -0.40233290666874516) (var real x2)) (* (const real -0.159008520938034) (var real x3)) (* (const real -0.24352850569828471) (var real x4)) (* (const real -0.22942148916578928) (var real x5)) (* (const real -0.17734607803929342) (var real x6))) (const real -1.0)))", "indices": [83], "solving_time": 9.62984585762024, "selection_time": 0.5285718441009521}
{"type": "update", "theory": "(& (<= (+ (* (const real -0.19126188424904023) (var real x1)) (* (const real -0.2007799477604089) (var real x2)) (* (const real -0.3518035834615343) (var real x3)) (* (const real -0.3135003433536266) (var real x4)) (* (const real -0.2797527656844438) (var real x5)) (* (const real -0.2321809276815623) (var real x6))) (const real -1.0)) (<= (+ (* (const real -0.3016994318585139) (var real x1)) (* (const real -0.5093099812864912) (var real x2)) (* (const real -0.18806381359780103) (var real x3)) (* (const real -0.19944117282341609) (var real x4)) (* (const real -0.2332444842709573) (var real x5)) (* (const real -0.10985760937631078) (var real x6))) (const real -1.0)))", "indices": [1194], "solving_time": 15.442154884338379, "selection_time": 0.5328991413116455}
{"type": "update", "theory": "(& (<= (+ (* (const real -0.19222354062137756) (var real x1)) (* (const real -0.20461938769575702) (var real x2)) (* (const real -0.3507723022501149) (var real x3)) (* (const real -0.317251056156649) (var real x4)) (* (const real -0.2761438777470505) (var real x5)) (* (const real -0.23232770454767437) (var real x6))) (const real -1.0)) (<= (+ (* (const real -0.291819259853104) (var real x1)) (* (const real -0.45135167871143106) (var real x2)) (* (const real -0.21576593629363672) (var real x3)) (* (const real -0.20450656054391125) (var real x4)) (* (const real -0.2261052029267025) (var real x5)) (* (const real -0.14022335142864265) (var real x6))) (const real -1.0)))", "indices": [1951], "solving_time": 0.1614208221435547, "selection_time": 0.5291142463684082}
{"type": "update", "theory": "(& (<= (+ (* (const real -0.19178711586781777) (var real x1)) (* (const real -0.20287694967341094) (var real x2)) (* (const real -0.3512403245723199) (var real x3)) (* (const real -0.31554888482204424) (var real x4)) (* (const real -0.2777816852571008) (var real x5)) (* (const real -0.2322610933760918) (var real x6))) (const real -1.0)) (<= (+ (* (const real -0.296346109939088) (var real x1)) (* (const real -0.455993859106366) (var real x2)) (* (const real -0.19257890204119837) (var real x3)) (* (const real -0.19989196364003944) (var real x4)) (* (const real -0.23899243306389448) (var real x5)) (* (const real -0.1491692436266131) (var real x6))) (const real -1.0)))", "indices": [540], "solving_time": 0.28488802909851074, "selection_time": 0.5280497074127197}
{"type": "update", "theory": "(& (<= (+ (* (const real -0.1915623052944821) (var real x1)) (* (const real -0.20197938717813463) (var real x2)) (* (const real -0.35148141164570557) (var real x3)) (* (const real -0.31467206445260654) (var real x4)) (* (const real -0.2786253506137163) (var real x5)) (* (const real -0.2322267807126787) (var real x6))) (const real -1.0)) (<= (+ (* (const real -0.29571001338698377) (var real x1)) (* (const real -0.4568263052853617) (var real x2)) (* (const real -0.18685193460468277) (var real x3)) (* (const real -0.19884508160073439) (var real x4)) (* (const real -0.2432297320281859) (var real x5)) (* (const real -0.15221526890626452) (var real x6))) (const real -1.0)))", "indices": [974], "solving_time": 0.0729367733001709, "selection_time": 0.5296008586883545}
{"type": "update", "theory": "(& (<= (+ (* (const real -0.2280477468007587) (var real x1)) (* (const real -0.17483830590144656) (var real x2)) (* (const real -0.3373322512272335) (var real x3)) (* (const real -0.2990203258740786) (var real x4)) (* (const real -0.2919110964193444) (var real x5)) (* (const real -0.23583208497145802) (var real x6))) (const real -1.0)) (<= (+ (* (const real -0.28332535691743893) (var real x1)) (* (const real -0.4816263143430597) (var real x2)) (* (const real -0.17070701894203105) (var real x3)) (* (const real -0.1942474983080059) (var real x4)) (* (const real -0.25664348488966326) (var real x5)) (* (const real -0.15949126636433206) (var real x6))) (const real -1.0)))", "indices": [163], "solving_time": 0.1956338882446289, "selection_time": 0.5314140319824219}
{"type": "update", "theory": "(& (<= (+ (* (const real -0.2292173036535563) (var real x1)) (* (const real -0.17418217413693907) (var real x2)) (* (const real -0.33684777853231807) (var real x3)) (* (const real -0.2987141031495315) (var real x4)) (* (const real -0.29215106450532274) (var real x5)) (* (const real -0.23595008473657622) (var real x6))) (const real -1.0)) (<= (+ (* (const real -0.28219478962551586) (var real x1)) (* (const real -0.4269336007885291) (var real x2)) (* (const real -0.14680091229340286) (var real x3)) (* (const real -0.17276275644784117) (var real x4)) (* (const real -0.298024794839337) (var real x5)) (* (const real -0.20680363712566202) (var real x6))) (const real -1.0)))", "indices": [256], "solving_time": 2.399080991744995, "selection_time": 0.5282046794891357}
{"type": "update", "theory": "(& (<= (+ (* (const real -0.21296997446539617) (var real x1)) (* (const real -0.1854082567125253) (var real x2)) (* (const real -0.3414839137517321) (var real x3)) (* (const real -0.29884540200267434) (var real x4)) (* (const real -0.2928733581031525) (var real x5)) (* (const real -0.23753926898604197) (var real x6))) (const real -1.0)) (<= (+ (* (const real -0.28131766721809054) (var real x1)) (* (const real -0.4151775607780621) (var real x2)) (* (const real -0.1607172939779384) (var real x3)) (* (const real -0.17822930811405724) (var real x4)) (* (const real -0.2876677301233401) (var real x5)) (* (const real -0.20714401368669644) (var real x6))) (const real -1.0)))", "indices": [1887], "solving_time": 0.12040972709655762, "selection_time": 0.5280752182006836}
{"type": "update", "theory": "(& (<= (+ (* (const real -0.21296997446539617) (var real x1)) (* (const real -0.1854082567125253) (var real x2)) (* (const real -0.3414839137517321) (var real x3)) (* (const real -0.29884540200267434) (var real x4)) (* (const real -0.2928733581031525) (var real x5)) (* (const real -0.23753926898604197) (var real x6))) (const real -1.0)) (<= (+ (* (const real -0.28172045575721943) (var real x1)) (* (const real -0.4224243295856539) (var real x2)) (* (const real -0.15200142300239605) (var real x3)) (* (const real -0.1746056279271755) (var real x4)) (* (const real -0.2943596297841107) (var real x5)) (* (const real -0.20728382619840172) (var real x6))) (const real -1.0)))", "indices": [140], "solving_time": 0.19292712211608887, "selection_time": 0.5291180610656738}
