{"type": "initial", "indices": [83, 38, 149, 119, 74, 97, 78, 140, 1, 185, 42, 182, 48, 117, 181, 5, 110, 107, 169, 132]}
{"type": "update", "theory": "(& (<= (+ (* (const real -1000.0) (var real x1)) (* (const real -1000.0) (var real x2)) (* (const real 369.8985371150915) (var real x3)) (* (const real -78.87335980537264) (var real x4)) (* (const real 103.44650758547272) (var real x5))) (const real -987.2833074632048)) (<= (+ (* (const real -1000.0) (var real x1)) (* (const real -1000.0) (var real x2)) (* (const real -1000.0) (var real x3)) (* (const real -1000.0) (var real x4)) (* (const real -1000.0) (var real x5))) (const real -1000.0)) (<= (+ (* (const real -1000.0) (var real x1)) (* (const real 453.8328810773171) (var real x2)) (* (const real -1000.0) (var real x3)) (* (const real -1000.0) (var real x4)) (* (const real -1000.0) (var real x5))) (const real -1000.0)) (<= (+ (* (const real -1000.0) (var real x1)) (* (const real -1000.0) (var real x2)) (* (const real -1000.0) (var real x3)) (* (const real -1000.0) (var real x4)) (* (const real -1000.0) (var real x5))) (const real -1000.0)))", "indices": [64], "solving_time": 0.009174108505249023, "selection_time": 0.08720088005065918}
{"type": "update", "theory": "(& (<= (+ (* (const real -23.754839634203762) (var real x1)) (* (const real -1000.0) (var real x2)) (* (const real -1000.0) (var real x3)) (* (const real -538.4008598968298) (var real x4)) (* (const real -87.60988515188906) (var real x5))) (const real -1000.0)) (<= (+ (* (const real -1.0288099472323644) (var real x1)) (* (const real -0.35595662273759815) (var real x2)) (* (const real -0.4865190669327772) (var real x3)) (* (const real 1.383411269803739) (var real x4)) (* (const real 2.1959182989662938) (var real x5))) (const real 1.7324081636625204)) (<= (+ (* (const real -1000.0) (var real x1)) (* (const real -1000.0) (var real x2)) (* (const real 933.3994653988448) (var real x3)) (* (const real -1000.0) (var real x4)) (* (const real -1000.0) (var real x5))) (const real -1000.0)) (<= (+ (* (const real -46.9371100775308) (var real x1)) (* (const real -38.272524586907835) (var real x2)) (* (const real 2.439604704674986) (var real x3)) (* (const real -33.43950030100696) (var real x4)) (* (const real -25.799094107674847) (var real x5))) (const real -79.54672598342852)))", "indices": [176], "solving_time": 0.011417150497436523, "selection_time": 0.08575201034545898}
{"type": "update", "theory": "(& (<= (+ (* (const real 469.7616715371073) (var real x1)) (* (const real -1000.0) (var real x2)) (* (const real -486.64796360512037) (var real x3)) (* (const real -1000.0) (var real x4)) (* (const real -1000.0) (var real x5))) (const real -1000.0)) (<= (+ (* (const real -1000.0) (var real x1)) (* (const real -538.6966208784524) (var real x2)) (* (const real 874.4931444145841) (var real x3)) (* (const real -1000.0) (var real x4)) (* (const real -374.26910480568324) (var real x5))) (const real -1000.0)) (<= (+ (* (const real -1000.0) (var real x1)) (* (const real 1000.0) (var real x2)) (* (const real -1000.0) (var real x3)) (* (const real -311.6184195275057) (var real x4)) (* (const real -306.5043624066492) (var real x5))) (const real -240.2158807186795)) (<= (+ (* (const real -1000.0) (var real x1)) (* (const real -1000.0) (var real x2)) (* (const real -1000.0) (var real x3)) (* (const real -117.61998196685386) (var real x4)) (* (const real 427.3811029097635) (var real x5))) (const real -632.577035617705)))", "indices": [2], "solving_time": 0.010622024536132812, "selection_time": 0.08601593971252441}
{"type": "update", "theory": "(& (<= (+ (* (const real -559.8098351727313) (var real x1)) (* (const real -1000.0) (var real x2)) (* (const real 937.533473977521) (var real x3)) (* (const real -945.405314645817) (var real x4)) (* (const real -344.67956333863197) (var real x5))) (const real -1000.0)) (<= (+ (* (const real -58.28624901956118) (var real x1)) (* (const real 27.89137892021381) (var real x2)) (* (const real -32.06180640272578) (var real x3)) (* (const real 0.8455666961485804) (var real x4)) (* (const real 2.1635217155969713) (var real x5))) (const real -7.262425935814576)) (<= (+ (* (const real -928.0011992741921) (var real x1)) (* (const real -1000.0) (var real x2)) (* (const real 913.4724768412134) (var real x3)) (* (const real -451.92914969611127) (var real x4)) (* (const real -1000.0) (var real x5))) (const real -1000.0)) (<= (+ (* (const real -2.554800451357096) (var real x1)) (* (const real -4.937844542083894) (var real x2)) (* (const real -7.3545794453164035) (var real x3)) (* (const real 5.363015492600425) (var real x4)) (* (const real 8.487633983095634) (var real x5))) (const real 4.575310701364515)))", "indices": [34], "solving_time": 0.011544942855834961, "selection_time": 0.08660387992858887}
{"type": "update", "theory": "(& (<= (+ (* (const real 181.04634147895723) (var real x1)) (* (const real -1000.0) (var real x2)) (* (const real -182.33244822910504) (var real x3)) (* (const real -1000.0) (var real x4)) (* (const real -423.87672325161816) (var real x5))) (const real -939.865411450969)) (<= (+ (* (const real -1000.0) (var real x1)) (* (const real -1000.0) (var real x2)) (* (const real -1000.0) (var real x3)) (* (const real -1000.0) (var real x4)) (* (const real -1000.0) (var real x5))) (const real -1000.0)) (<= (+ (* (const real -793.5596425386437) (var real x1)) (* (const real -1000.0) (var real x2)) (* (const real -894.046697119138) (var real x3)) (* (const real 506.69925939369057) (var real x4)) (* (const real 834.9518476697655) (var real x5))) (const real -138.72731819233096)) (<= (+ (* (const real -133.785615179467) (var real x1)) (* (const real -98.16617814970144) (var real x2)) (* (const real -1000.0) (var real x3)) (* (const real -52.882049508875895) (var real x4)) (* (const real 68.4573069141169) (var real x5))) (const real -155.32298234036725)))", "indices": [151], "solving_time": 0.012665987014770508, "selection_time": 0.08489084243774414}
{"type": "update", "theory": "(& (<= (+ (* (const real 306.07156696442115) (var real x1)) (* (const real -595.5521042205819) (var real x2)) (* (const real -1000.0) (var real x3)) (* (const real -1000.0) (var real x4)) (* (const real -83.04311772547979) (var real x5))) (const real -747.5896151678546)) (<= (+ (* (const real -1.2693541012129712) (var real x1)) (* (const real -0.0826436131181776) (var real x2)) (* (const real 0.3670365174287569) (var real x3)) (* (const real 0.8725108413782201) (var real x4)) (* (const real 1.412994796979299) (var real x5))) (const real 0.9943574302684769)) (<= (+ (* (const real -301.67537254924275) (var real x1)) (* (const real -1000.0) (var real x2)) (* (const real -350.73571631582666) (var real x3)) (* (const real 49.258694953066566) (var real x4)) (* (const real -54.26247838723708) (var real x5))) (const real -431.83430938781896)) (<= (+ (* (const real -1000.0) (var real x1)) (* (const real -1000.0) (var real x2)) (* (const real 513.3675705272631) (var real x3)) (* (const real -451.9078973303051) (var real x4)) (* (const real -1000.0) (var real x5))) (const real -1000.0)))", "indices": [7], "solving_time": 0.013604164123535156, "selection_time": 0.0831298828125}
{"type": "update", "theory": "(& (<= (+ (* (const real -1000.0) (var real x1)) (* (const real -1000.0) (var real x2)) (* (const real 604.8833148677677) (var real x3)) (* (const real -228.58789542209797) (var real x4)) (* (const real -162.44849083750455) (var real x5))) (const real -715.8629670295388)) (<= (+ (* (const real -1000.0) (var real x1)) (* (const real 1000.0) (var real x2)) (* (const real -1000.0) (var real x3)) (* (const real -311.6184195275057) (var real x4)) (* (const real -306.5043624066492) (var real x5))) (const real -240.2158807186795)) (<= (+ (* (const real -1000.0) (var real x1)) (* (const real -1000.0) (var real x2)) (* (const real -267.0618955726376) (var real x3)) (* (const real -215.65622301205406) (var real x4)) (* (const real 510.55091305952556) (var real x5))) (const real -608.0136678263888)) (<= (+ (* (const real 366.0226609687247) (var real x1)) (* (const real -1000.0) (var real x2)) (* (const real -1000.0) (var real x3)) (* (const real -838.4004325451034) (var real x4)) (* (const real -468.8632666607515) (var real x5))) (const real -879.3224490620172)))", "indices": [196], "solving_time": 0.011576175689697266, "selection_time": 0.08433103561401367}
{"type": "update", "theory": "(& (<= (+ (* (const real -1000.0) (var real x1)) (* (const real -1000.0) (var real x2)) (* (const real -335.03950690715874) (var real x3)) (* (const real 162.17196672395085) (var real x4)) (* (const real 787.8211009260417) (var real x5))) (const real -344.2843297167169)) (<= (+ (* (const real 245.8369012391115) (var real x1)) (* (const real -423.42237922754225) (var real x2)) (* (const real -1000.0) (var real x3)) (* (const real -1000.0) (var real x4)) (* (const real -367.4720497523017) (var real x5))) (const real -775.7719875034721)) (<= (+ (* (const real -1000.0) (var real x1)) (* (const real -1000.0) (var real x2)) (* (const real 469.40378620618253) (var real x3)) (* (const real -446.32312702709464) (var real x4)) (* (const real 1000.0) (var real x5))) (const real -298.42541089302426)) (<= (+ (* (const real -106.87875643634914) (var real x1)) (* (const real -295.83107102561166) (var real x2)) (* (const real 10.134359962157646) (var real x3)) (* (const real 144.9775053271071) (var real x4)) (* (const real -1000.0) (var real x5))) (const real -299.3542299309802)))", "indices": [199], "solving_time": 0.03159499168395996, "selection_time": 0.08325791358947754}
{"type": "update", "theory": "(& (<= (+ (* (const real -1000.0) (var real x1)) (* (const real -82.07211243120537) (var real x2)) (* (const real -745.2093078499056) (var real x3)) (* (const real 1000.0) (var real x4)) (* (const real 1000.0) (var real x5))) (const real 936.6616169524859)) (<= (+ (* (const real -1000.0) (var real x1)) (* (const real -1000.0) (var real x2)) (* (const real 594.2694907702776) (var real x3)) (* (const real -59.96279922899771) (var real x4)) (* (const real -1000.0) (var real x5))) (const real -835.6949352364985)) (<= (+ (* (const real -872.1825681867102) (var real x1)) (* (const real 198.6642966429224) (var real x2)) (* (const real 251.4866808632737) (var real x3)) (* (const real -1000.0) (var real x4)) (* (const real -158.14607400630894) (var real x5))) (const real -710.4158430440331)) (<= (+ (* (const real 1000.0) (var real x1)) (* (const real -676.0985634450781) (var real x2)) (* (const real -627.2154564744952) (var real x3)) (* (const real -412.00264641303295) (var real x4)) (* (const real 477.6891068981822) (var real x5))) (const real 396.1610702489845)))", "indices": [33], "solving_time": 0.030083179473876953, "selection_time": 0.08346319198608398}
{"type": "update", "theory": "(& (<= (+ (* (const real -775.1124783264067) (var real x1)) (* (const real 318.5338850191782) (var real x2)) (* (const real -1000.0) (var real x3)) (* (const real 37.10392970330625) (var real x4)) (* (const real 62.4275207584466) (var real x5))) (const real -135.91168998306748)) (<= (+ (* (const real -1000.0) (var real x1)) (* (const real -1000.0) (var real x2)) (* (const real 744.4588885605434) (var real x3)) (* (const real -1000.0) (var real x4)) (* (const real 252.21800786445334) (var real x5))) (const real -738.7244451378392)) (<= (+ (* (const real 1000.0) (var real x1)) (* (const real -724.7825551248187) (var real x2)) (* (const real -1000.0) (var real x3)) (* (const real -640.600992295838) (var real x4)) (* (const real 1000.0) (var real x5))) (const real 599.9496963299387)) (<= (+ (* (const real -329.0129687963621) (var real x1)) (* (const real -375.05075113712303) (var real x2)) (* (const real 15.732643882574838) (var real x3)) (* (const real -300.2675716854148) (var real x4)) (* (const real -1000.0) (var real x5))) (const real -619.5444127319643)))", "indices": [46], "solving_time": 0.039108991622924805, "selection_time": 0.08493900299072266}
{"type": "update", "theory": "(& (<= (+ (* (const real -535.4358600180976) (var real x1)) (* (const real 138.89193731578234) (var real x2)) (* (const real -1000.0) (var real x3)) (* (const real 58.337978939495315) (var real x4)) (* (const real 92.06005509796319) (var real x5))) (const real -115.42357461736015)) (<= (+ (* (const real 1000.0) (var real x1)) (* (const real -912.5729295151959) (var real x2)) (* (const real -266.44552559326667) (var real x3)) (* (const real -185.707096145915) (var real x4)) (* (const real -1000.0) (var real x5))) (const real 202.60137205149886)) (<= (+ (* (const real -1000.0) (var real x1)) (* (const real 93.89004267830023) (var real x2)) (* (const real 1000.0) (var real x3)) (* (const real -941.2573961316239) (var real x4)) (* (const real 552.3053695118506) (var real x5))) (const real -117.00157086651359)) (<= (+ (* (const real -415.9514999716505) (var real x1)) (* (const real -1000.0) (var real x2)) (* (const real -1000.0) (var real x3)) (* (const real -409.0419727316039) (var real x4)) (* (const real 225.49963236324584) (var real x5))) (const real -684.1244785240128)))", "indices": [84], "solving_time": 0.03460812568664551, "selection_time": 0.08173012733459473}
{"type": "update", "theory": "(& (<= (+ (* (const real -134.92629097071517) (var real x1)) (* (const real -1000.0) (var real x2)) (* (const real -1000.0) (var real x3)) (* (const real 143.001737049467) (var real x4)) (* (const real -204.4364094384647) (var real x5))) (const real -425.31661868597155)) (<= (+ (* (const real -1000.0) (var real x1)) (* (const real -164.76507779679787) (var real x2)) (* (const real 1000.0) (var real x3)) (* (const real -1000.0) (var real x4)) (* (const real 341.3573829963268) (var real x5))) (const real -339.84150974028717)) (<= (+ (* (const real -123.87882627896204) (var real x1)) (* (const real -397.33657342028664) (var real x2)) (* (const real 21.209357735620756) (var real x3)) (* (const real 177.4857633389629) (var real x4)) (* (const real -1000.0) (var real x5))) (const real -320.1432145741385)) (<= (+ (* (const real -1000.0) (var real x1)) (* (const real 1000.0) (var real x2)) (* (const real -1000.0) (var real x3)) (* (const real 129.12426747745963) (var real x4)) (* (const real -308.604673996678) (var real x5))) (const real 175.57519348199185)))", "indices": [134], "solving_time": 0.03660082817077637, "selection_time": 0.08067989349365234}
{"type": "update", "theory": "(& (<= (+ (* (const real -1000.0) (var real x1)) (* (const real -916.3528470012575) (var real x2)) (* (const real 672.1732250675141) (var real x3)) (* (const real -261.55791126490954) (var real x4)) (* (const real -197.45687739384698) (var real x5))) (const real -661.7589395430689)) (<= (+ (* (const real -1000.0) (var real x1)) (* (const real -274.29769139111204) (var real x2)) (* (const real -898.8345276043156) (var real x3)) (* (const real 285.9527422474798) (var real x4)) (* (const real 477.16766629459767) (var real x5))) (const real -153.0818742254387)) (<= (+ (* (const real 359.3602534724323) (var real x1)) (* (const real -1000.0) (var real x2)) (* (const real -946.8372755609429) (var real x3)) (* (const real -971.7319533143499) (var real x4)) (* (const real -788.6917047781195) (var real x5))) (const real -1000.0)) (<= (+ (* (const real -1000.0) (var real x1)) (* (const real 90.56456325113732) (var real x2)) (* (const real -1000.0) (var real x3)) (* (const real -1000.0) (var real x4)) (* (const real -54.401474532097495) (var real x5))) (const real -839.3278974921215)))", "indices": [164], "solving_time": 0.016187191009521484, "selection_time": 0.08167600631713867}
{"type": "update", "theory": "(& (<= (+ (* (const real 399.88542071522784) (var real x1)) (* (const real -927.2981213433043) (var real x2)) (* (const real -1000.0) (var real x3)) (* (const real -802.431042617056) (var real x4)) (* (const real 108.7185262503092) (var real x5))) (const real -683.1733673057308)) (<= (+ (* (const real -1000.0) (var real x1)) (* (const real -136.7459153550658) (var real x2)) (* (const real 495.1561098135196) (var real x3)) (* (const real -872.5254940839159) (var real x4)) (* (const real -129.80630945377368) (var real x5))) (const real -764.4471643989198)) (<= (+ (* (const real -705.2108338998551) (var real x1)) (* (const real 238.2510983702873) (var real x2)) (* (const real -905.690296770826) (var real x3)) (* (const real 51.99200387812539) (var real x4)) (* (const real 86.77909669068254) (var real x5))) (const real -123.70090758098468)) (<= (+ (* (const real 2.22787991032817) (var real x1)) (* (const real -1.2896151778850253) (var real x2)) (* (const real -0.8019104460021254) (var real x3)) (* (const real -1.6770501079221276) (var real x4)) (* (const real -14.847320313431965) (var real x5))) (const real -2.228494080968744)))", "indices": [71], "solving_time": 0.031871795654296875, "selection_time": 0.0856480598449707}
{"type": "update", "theory": "(& (<= (+ (* (const real -333.3091733800977) (var real x1)) (* (const real -1000.0) (var real x2)) (* (const real -1000.0) (var real x3)) (* (const real 19.327066271511626) (var real x4)) (* (const real 82.84433379713869) (var real x5))) (const real -471.2616211346542)) (<= (+ (* (const real -1000.0) (var real x1)) (* (const real -262.0655511267835) (var real x2)) (* (const real 365.7083400967417) (var real x3)) (* (const real -175.12175994569452) (var real x4)) (* (const real 147.65780470870573) (var real x5))) (const real -348.5353046944408)) (<= (+ (* (const real -533.9568428790258) (var real x1)) (* (const real 230.1724451545481) (var real x2)) (* (const real -21.741904046874424) (var real x3)) (* (const real -1000.0) (var real x4)) (* (const real -55.09379929363536) (var real x5))) (const real -472.376847015164)) (<= (+ (* (const real 150.05266023072568) (var real x1)) (* (const real -86.85844655202573) (var real x2)) (* (const real -54.01044963491995) (var real x3)) (* (const real -112.95304960889109) (var real x4)) (* (const real -1000.0) (var real x5))) (const real -150.09402598748454)))", "indices": [160], "solving_time": 0.04537820816040039, "selection_time": 0.0807790756225586}
{"type": "update", "theory": "(& (<= (+ (* (const real -1000.0) (var real x1)) (* (const real -154.4118959638871) (var real x2)) (* (const real -100.9506654243488) (var real x3)) (* (const real 346.2973539623225) (var real x4)) (* (const real 193.36116141301054) (var real x5))) (const real -90.39787765635185)) (<= (+ (* (const real 360.5216628318411) (var real x1)) (* (const real -304.64324873373334) (var real x2)) (* (const real -1000.0) (var real x3)) (* (const real -251.92439617033273) (var real x4)) (* (const real 66.81839366121145) (var real x5))) (const real -145.47945375863432)) (<= (+ (* (const real -294.73096745131414) (var real x1)) (* (const real -369.4970061132366) (var real x2)) (* (const real 37.820461023942826) (var real x3)) (* (const real -280.4196198575645) (var real x4)) (* (const real -1000.0) (var real x5))) (const real -567.4906847324121)) (<= (+ (* (const real -646.1168901206561) (var real x1)) (* (const real -51.049442713331366) (var real x2)) (* (const real 205.18204536253222) (var real x3)) (* (const real -1000.0) (var real x4)) (* (const real -48.262424799078744) (var real x5))) (const real -680.0175989469459)))", "indices": [24], "solving_time": 0.06125903129577637, "selection_time": 0.08075118064880371}
{"type": "update", "theory": "(& (<= (+ (* (const real -1000.0) (var real x1)) (* (const real -44.54653696033746) (var real x2)) (* (const real -1000.0) (var real x3)) (* (const real 626.889993431287) (var real x4)) (* (const real 1000.0) (var real x5))) (const real 574.746456156609)) (<= (+ (* (const real 1000.0) (var real x1)) (* (const real -617.3375828508953) (var real x2)) (* (const real 63.397906336599505) (var real x3)) (* (const real -34.64338216479364) (var real x4)) (* (const real -138.39984635486036) (var real x5))) (const real 717.6184208818494)) (<= (+ (* (const real -957.3252388226922) (var real x1)) (* (const real -422.81262747155876) (var real x2)) (* (const real 553.8130007417934) (var real x3)) (* (const real -1000.0) (var real x4)) (* (const real 317.4984031806175) (var real x5))) (const real -700.2848053407147)) (<= (+ (* (const real 676.4043145527066) (var real x1)) (* (const real 1000.0) (var real x2)) (* (const real -1000.0) (var real x3)) (* (const real -1000.0) (var real x4)) (* (const real -277.9780472655453) (var real x5))) (const real 376.9951728240575)))", "indices": [125], "solving_time": 0.07723808288574219, "selection_time": 0.07844829559326172}
{"type": "update", "theory": "(& (<= (+ (* (const real 493.11260270723926) (var real x1)) (* (const real -1000.0) (var real x2)) (* (const real -1000.0) (var real x3)) (* (const real -572.7528781950836) (var real x4)) (* (const real 61.72419043516658) (var real x5))) (const real -519.5578086717538)) (<= (+ (* (const real -1000.0) (var real x1)) (* (const real -262.78561771287184) (var real x2)) (* (const real 298.77395206042723) (var real x3)) (* (const real -132.38368960829646) (var real x4)) (* (const real 120.54183767770769) (var real x5))) (const real -368.133943866149)) (<= (+ (* (const real 392.7573560347757) (var real x1)) (* (const real 942.9795587099413) (var real x2)) (* (const real -605.110541216306) (var real x3)) (* (const real -1000.0) (var real x4)) (* (const real -118.44743455447701) (var real x5))) (const real 301.70235881571773)) (<= (+ (* (const real -253.0814347999589) (var real x1)) (* (const real -132.94093387497935) (var real x2)) (* (const real 1000.0) (var real x3)) (* (const real -116.56304890863174) (var real x4)) (* (const real 399.1516040894758) (var real x5))) (const real 545.1234678663882)))", "indices": [123], "solving_time": 0.07404804229736328, "selection_time": 0.07943105697631836}
{"type": "update", "theory": "(& (<= (+ (* (const real 53.836081496359235) (var real x1)) (* (const real -229.97712418671424) (var real x2)) (* (const real -415.9682624087015) (var real x3)) (* (const real -1000.0) (var real x4)) (* (const real -182.03616105553766) (var real x5))) (const real -615.5708157993992)) (<= (+ (* (const real 1000.0) (var real x1)) (* (const real -445.48849038055687) (var real x2)) (* (const real -507.92504826787484) (var real x3)) (* (const real 831.5400133633158) (var real x4)) (* (const real -462.70578287629917) (var real x5))) (const real 1000.0)) (<= (+ (* (const real -1000.0) (var real x1)) (* (const real -27.61566944541452) (var real x2)) (* (const real -806.8323525140158) (var real x3)) (* (const real 536.4196093059775) (var real x4)) (* (const real 861.3327484571125) (var real x5))) (const real 445.1948318205912)) (<= (+ (* (const real -122.87166884427995) (var real x1)) (* (const real -1.497536837773847) (var real x2)) (* (const real 1000.0) (var real x3)) (* (const real -95.13747521736133) (var real x4)) (* (const real 477.31286784440454) (var real x5))) (const real 734.4644944697544)))", "indices": [68], "solving_time": 0.08525514602661133, "selection_time": 0.07874584197998047}
{"type": "update", "theory": "(& (<= (+ (* (const real -85.59494079402731) (var real x1)) (* (const real -1000.0) (var real x2)) (* (const real -1000.0) (var real x3)) (* (const real 115.32149017090434) (var real x4)) (* (const real -206.68458739991604) (var real x5))) (const real -427.61179199969934)) (<= (+ (* (const real -1000.0) (var real x1)) (* (const real -262.06555112678353) (var real x2)) (* (const real 365.7083400967416) (var real x3)) (* (const real -175.12175994569455) (var real x4)) (* (const real 147.65780470870567) (var real x5))) (const real -348.53530469444075)) (<= (+ (* (const real 174.30040347570377) (var real x1)) (* (const real 421.90079557341863) (var real x2)) (* (const real -278.00897147101034) (var real x3)) (* (const real -457.9367641790583) (var real x4)) (* (const real -59.999511667850626) (var real x5))) (const real 122.51543750631123)) (<= (+ (* (const real 1000.0) (var real x1)) (* (const real -521.868515296855) (var real x2)) (* (const real 380.134167432957) (var real x3)) (* (const real -54.53651802569676) (var real x4)) (* (const real 18.87316283183429) (var real x5))) (const real 1000.0)))", "indices": [148], "solving_time": 0.07044506072998047, "selection_time": 0.08417677879333496}
{"type": "update", "theory": "(& (<= (+ (* (const real -156.88617438092143) (var real x1)) (* (const real -611.6791848907814) (var real x2)) (* (const real -14.975836599912512) (var real x3)) (* (const real -1000.0) (var real x4)) (* (const real 361.6863793901275) (var real x5))) (const real -481.84837223086197)) (<= (+ (* (const real 1000.0) (var real x1)) (* (const real 5.083436071485796) (var real x2)) (* (const real 179.15162237735754) (var real x3)) (* (const real 260.32417807214085) (var real x4)) (* (const real -1000.0) (var real x5))) (const real 1000.0)) (<= (+ (* (const real -0.38607044689738185) (var real x1)) (* (const real -55.43185866789439) (var real x2)) (* (const real -1000.0) (var real x3)) (* (const real -14.67522644284388) (var real x4)) (* (const real 107.7314013335437) (var real x5))) (const real -21.624729055846142)) (<= (+ (* (const real -1000.0) (var real x1)) (* (const real -302.21526688017497) (var real x2)) (* (const real 382.1678375759809) (var real x3)) (* (const real -13.281961047871391) (var real x4)) (* (const real 139.62553359200027) (var real x5))) (const real -234.44745798725103)))", "indices": [36], "solving_time": 0.0910489559173584, "selection_time": 0.08046102523803711}
{"type": "update", "theory": "(& (<= (+ (* (const real -27.34725875421073) (var real x1)) (* (const real -47.99020044946214) (var real x2)) (* (const real -146.42222994292013) (var real x3)) (* (const real 26.388207787710993) (var real x4)) (* (const real 54.1095874351639) (var real x5))) (const real 3.306704719454962)) (<= (+ (* (const real -273.38347361635545) (var real x1)) (* (const real 1000.0) (var real x2)) (* (const real -541.8342785593919) (var real x3)) (* (const real 62.96923727625195) (var real x4)) (* (const real -218.0231549872938) (var real x5))) (const real 523.1016018961743)) (<= (+ (* (const real -957.3252388226923) (var real x1)) (* (const real -422.8126274715592) (var real x2)) (* (const real 553.8130007417926) (var real x3)) (* (const real -1000.0) (var real x4)) (* (const real 317.4984031806167) (var real x5))) (const real -700.2848053407157)) (<= (+ (* (const real -182.1273273671204) (var real x1)) (* (const real -94.52753581360972) (var real x2)) (* (const real 66.04494102932851) (var real x3)) (* (const real -39.11646635105335) (var real x4)) (* (const real -1000.0) (var real x5))) (const real -235.71147242554505)))", "indices": [6], "solving_time": 0.07469797134399414, "selection_time": 0.07651829719543457}
{"type": "update", "theory": "(& (<= (+ (* (const real -333.3091733800977) (var real x1)) (* (const real -1000.0) (var real x2)) (* (const real -1000.0) (var real x3)) (* (const real 19.327066271511626) (var real x4)) (* (const real 82.84433379713869) (var real x5))) (const real -471.2616211346542)) (<= (+ (* (const real -864.1761333319782) (var real x1)) (* (const real -534.6198902065704) (var real x2)) (* (const real 321.56817021084385) (var real x3)) (* (const real -1000.0) (var real x4)) (* (const real 219.79807054338426) (var real x5))) (const real -838.6071521943132)) (<= (+ (* (const real 1000.0) (var real x1)) (* (const real -37.5365446926794) (var real x2)) (* (const real 195.1237257432556) (var real x3)) (* (const real 133.6593910507836) (var real x4)) (* (const real -1000.0) (var real x5))) (const real 907.8363029698564)) (<= (+ (* (const real -779.1263136969332) (var real x1)) (* (const real 262.9258194020995) (var real x2)) (* (const real -1000.0) (var real x3)) (* (const real 57.11088585920106) (var real x4)) (* (const real 95.91995333990963) (var real x5))) (const real -136.88369673171655)))", "indices": [22], "solving_time": 0.05817914009094238, "selection_time": 0.07634520530700684}
{"type": "update", "theory": "(& (<= (+ (* (const real 1.2399034373418492) (var real x1)) (* (const real -64.41564126318018) (var real x2)) (* (const real -19.059488811737193) (var real x3)) (* (const real -93.5557432875557) (var real x4)) (* (const real 30.785336381735316) (var real x5))) (const real -46.995015642373055)) (<= (+ (* (const real -1000.0) (var real x1)) (* (const real 25.693689889713227) (var real x2)) (* (const real -2.9595179513867578) (var real x3)) (* (const real 690.3979653796447) (var real x4)) (* (const real 540.1659191804664) (var real x5))) (const real 539.0825963248137)) (<= (+ (* (const real -70.13583386748617) (var real x1)) (* (const real -151.1980064878243) (var real x2)) (* (const real -1000.0) (var real x3)) (* (const real -124.1858896783453) (var real x4)) (* (const real 56.54452156104231) (var real x5))) (const real -197.32500251310373)) (<= (+ (* (const real 2.6147841635590825) (var real x1)) (* (const real -1.1113284912710777) (var real x2)) (* (const real -1.2351340226890481) (var real x3)) (* (const real -0.9985141635327951) (var real x4)) (* (const real -17.054198718900796) (var real x5))) (const real -1.930684039810398)))", "indices": [100], "solving_time": 0.05809307098388672, "selection_time": 0.07877898216247559}
{"type": "update", "theory": "(& (<= (+ (* (const real -1000.0) (var real x1)) (* (const real -314.10284092754654) (var real x2)) (* (const real -36.62312056319691) (var real x3)) (* (const real 123.29344247585186) (var real x4)) (* (const real 162.75950915997836) (var real x5))) (const real -265.22853462077023)) (<= (+ (* (const real -201.71569163667397) (var real x1)) (* (const real 636.6052736063397) (var real x2)) (* (const real 98.37370024484704) (var real x3)) (* (const real -1000.0) (var real x4)) (* (const real 8.349433194932718) (var real x5))) (const real 52.81206669461655)) (<= (+ (* (const real 150.0526602307257) (var real x1)) (* (const real -86.85844655202577) (var real x2)) (* (const real -54.01044963491998) (var real x3)) (* (const real -112.95304960889112) (var real x4)) (* (const real -1000.0) (var real x5))) (const real -150.0940259874845)) (<= (+ (* (const real -0.37764172375937766) (var real x1)) (* (const real -3.5729270476539434) (var real x2)) (* (const real -6.787337721571242) (var real x3)) (* (const real -0.8607995291929217) (var real x4)) (* (const real 1.5728098372751431) (var real x5))) (const real -1.8900865642498053)))", "indices": [52], "solving_time": 0.10663104057312012, "selection_time": 0.07512187957763672}
{"type": "update", "theory": "(& (<= (+ (* (const real -95.66285590490172) (var real x1)) (* (const real -88.72407405098151) (var real x2)) (* (const real -314.51300079989517) (var real x3)) (* (const real -1000.0) (var real x4)) (* (const real -112.51408410647124) (var real x5))) (const real -559.1922305373605)) (<= (+ (* (const real 1000.0) (var real x1)) (* (const real -323.6760307195373) (var real x2)) (* (const real -1000.0) (var real x3)) (* (const real 616.6404377777701) (var real x4)) (* (const real -415.0847252224826) (var real x5))) (const real 850.7798970987965)) (<= (+ (* (const real -385.35646973715507) (var real x1)) (* (const real -202.9240467120298) (var real x2)) (* (const real 1000.0) (var real x3)) (* (const real -218.78883949076695) (var real x4)) (* (const real -103.44438382248302) (var real x5))) (const real 295.95098878198235)) (<= (+ (* (const real -1000.0) (var real x1)) (* (const real -184.05096561214333) (var real x2)) (* (const real -936.3582505689315) (var real x3)) (* (const real 254.41949256133756) (var real x4)) (* (const real 424.8546199883855) (var real x5))) (const real -155.0612768258236)))", "indices": [129], "solving_time": 0.11296606063842773, "selection_time": 0.07619714736938477}
{"type": "update", "theory": "(& (<= (+ (* (const real -737.0681177083482) (var real x1)) (* (const real -132.81137982967172) (var real x2)) (* (const real 224.73120482927897) (var real x3)) (* (const real -999.9999999999999) (var real x4)) (* (const real -34.59378013334916) (var real x5))) (const real -758.6519811030236)) (<= (+ (* (const real 480.5482878296703) (var real x1)) (* (const real 986.8558721929867) (var real x2)) (* (const real -598.0341158893104) (var real x3)) (* (const real -1000.0) (var real x4)) (* (const real -158.3290814577569) (var real x5))) (const real 419.2740436189802)) (<= (+ (* (const real -1000.0) (var real x1)) (* (const real -283.4255907021877) (var real x2)) (* (const real -567.4560143562248) (var real x3)) (* (const real 1000.0) (var real x4)) (* (const real 646.0834540117161) (var real x5))) (const real 649.386930504231)) (<= (+ (* (const real 1000.0) (var real x1)) (* (const real -482.7873544857669) (var real x2)) (* (const real 77.7867160689515) (var real x3)) (* (const real 4.680563291496543) (var real x4)) (* (const real -135.01394125815938) (var real x5))) (const real 770.2696972667942)))", "indices": [40], "solving_time": 0.13481712341308594, "selection_time": 0.07459211349487305}
{"type": "update", "theory": "(& (<= (+ (* (const real -1000.0) (var real x1)) (* (const real -48.09689000336618) (var real x2)) (* (const real -645.130958881192) (var real x3)) (* (const real 442.2509247707021) (var real x4)) (* (const real 812.5927760031749) (var real x5))) (const real 387.3205702903464)) (<= (+ (* (const real 1000.0) (var real x1)) (* (const real -51.75090714988208) (var real x2)) (* (const real 71.98776440820146) (var real x3)) (* (const real 353.16431626824624) (var real x4)) (* (const real -1000.0) (var real x5))) (const real 994.3242506858011)) (<= (+ (* (const real -64.83923274753697) (var real x1)) (* (const real -141.84566030255937) (var real x2)) (* (const real -1000.0) (var real x3)) (* (const real -82.34027325354538) (var real x4)) (* (const real 62.82744895103439) (var real x5))) (const real -169.06238416481622)) (<= (+ (* (const real 1.2399034373419444) (var real x1)) (* (const real -64.41564126317667) (var real x2)) (* (const real -19.059488811736426) (var real x3)) (* (const real -93.55574328755041) (var real x4)) (* (const real 30.785336381733437) (var real x5))) (const real -46.99501564237057)))", "indices": [195], "solving_time": 0.17944717407226562, "selection_time": 0.07367086410522461}
{"type": "update", "theory": "(& (<= (+ (* (const real -1000.0) (var real x1)) (* (const real -164.45620128942375) (var real x2)) (* (const real -278.27989936396415) (var real x3)) (* (const real 315.5452778860919) (var real x4)) (* (const real 268.0221099662874) (var real x5))) (const real -105.0021566940398)) (<= (+ (* (const real -285.164265992875) (var real x1)) (* (const real 162.3337670797353) (var real x2)) (* (const real -86.38493042300779) (var real x3)) (* (const real -1000.0) (var real x4)) (* (const real -77.30871007897915) (var real x5))) (const real -434.0843565146381)) (<= (+ (* (const real 1000.0) (var real x1)) (* (const real -15.145651372781176) (var real x2)) (* (const real 240.74807363819664) (var real x3)) (* (const real 205.94092864814823) (var real x4)) (* (const real -1000.0) (var real x5))) (const real 1000.0)) (<= (+ (* (const real 157.53546761697206) (var real x1)) (* (const real -1000.0) (var real x2)) (* (const real -443.32633109141614) (var real x3)) (* (const real -314.8009147907115) (var real x4)) (* (const real -199.9230609104613) (var real x5))) (const real -547.5655379335832)))", "indices": [17], "solving_time": 0.13398504257202148, "selection_time": 0.07287001609802246}
{"type": "update", "theory": "(& (<= (+ (* (const real 16.262502722637027) (var real x1)) (* (const real -728.5629211134835) (var real x2)) (* (const real -278.5583906982288) (var real x3)) (* (const real -1000.0) (var real x4)) (* (const real 284.2014025852331) (var real x5))) (const real -573.1845571444983)) (<= (+ (* (const real -67.06036813189745) (var real x1)) (* (const real -105.93744675879334) (var real x2)) (* (const real -1000.0) (var real x3)) (* (const real -88.24471312288442) (var real x4)) (* (const real 44.49294422237132) (var real x5))) (const real -165.16338340003753)) (<= (+ (* (const real 6.612825791256843) (var real x1)) (* (const real 0.7309815603619667) (var real x2)) (* (const real -5.711812371997841) (var real x3)) (* (const real 6.013078314203056) (var real x4)) (* (const real -39.858785793485154) (var real x5))) (const real 1.1467102554311164)) (<= (+ (* (const real -26.798447137833712) (var real x1)) (* (const real -1.4551884849628856) (var real x2)) (* (const real -0.06799445954098647) (var real x3)) (* (const real -0.0527372227119266) (var real x4)) (* (const real 0.8617523299573144) (var real x5))) (const real -7.3264795521748916)))", "indices": [174], "solving_time": 0.10946297645568848, "selection_time": 0.07225203514099121}
{"type": "update", "theory": "(& (<= (+ (* (const real -67.06036813189745) (var real x1)) (* (const real -105.93744675879334) (var real x2)) (* (const real -1000.0) (var real x3)) (* (const real -88.24471312288442) (var real x4)) (* (const real 44.49294422237132) (var real x5))) (const real -165.16338340003753)) (<= (+ (* (const real -1000.0) (var real x1)) (* (const real -46.8691779665096) (var real x2)) (* (const real 55.29194980983123) (var real x3)) (* (const real -78.847357756425) (var real x4)) (* (const real -2.1948184009446) (var real x5))) (const real -315.7026108021915)) (<= (+ (* (const real -1.084546442338323) (var real x1)) (* (const real -36.476833588751376) (var real x2)) (* (const real 16.683750916017075) (var real x3)) (* (const real -30.333386645855427) (var real x4)) (* (const real -1000.0) (var real x5))) (const real -130.45832816638588)) (<= (+ (* (const real 61.15749683079264) (var real x1)) (* (const real -628.8781504574206) (var real x2)) (* (const real 141.94244108634103) (var real x3)) (* (const real -1000.0) (var real x4)) (* (const real 534.5075636033563) (var real x5))) (const real -151.70916195975246)))", "indices": [18], "solving_time": 0.127899169921875, "selection_time": 0.0743570327758789}
{"type": "update", "theory": "(& (<= (+ (* (const real -713.9808597594063) (var real x1)) (* (const real -121.2544964856993) (var real x2)) (* (const real 247.93649379051234) (var real x3)) (* (const real -1000.0) (var real x4)) (* (const real -6.171469432773162) (var real x5))) (const real -713.8171322763436)) (<= (+ (* (const real -1000.0) (var real x1)) (* (const real -283.4255907021894) (var real x2)) (* (const real -567.4560143562232) (var real x3)) (* (const real 1000.0) (var real x4)) (* (const real 646.0834540117133) (var real x5))) (const real 649.3869305042289)) (<= (+ (* (const real 1000.0) (var real x1)) (* (const real -412.19320679523173) (var real x2)) (* (const real 34.916514497206926) (var real x3)) (* (const real 29.170143518020044) (var real x4)) (* (const real -277.88349742717025) (var real x5))) (const real 774.7672851730235)) (<= (+ (* (const real 390.0910255552119) (var real x1)) (* (const real 1000.0) (var real x2)) (* (const real -652.4375918985053) (var real x3)) (* (const real -1000.0) (var real x4)) (* (const real -242.6976738565863) (var real x5))) (const real 308.9594947132959)))", "indices": [72], "solving_time": 0.22262811660766602, "selection_time": 0.07221388816833496}
