{"type": "initial", "indices": [267, 48, 99, 227, 283, 327, 57, 372, 485, 221, 105, 398, 51, 102, 110, 24, 139, 410, 195, 265, 207, 415, 125, 230, 481, 0, 449, 183, 196, 286]}
{"type": "update", "theory": "(& (<= (+ (* (const real -5.477527659150872) (var real x1)) (* (const real 5.119204093229025) (var real x2)) (* (const real 5.577344068331204) (var real x3)) (* (const real -5.732143208881314) (var real x4)) (* (const real -5.804183567576469) (var real x5))) (const real -3.16351912480682)) (<= (+ (* (const real -38.52262042604924) (var real x1)) (* (const real -125.85822320977944) (var real x2)) (* (const real -256.6150860027409) (var real x3)) (* (const real -116.74974427551386) (var real x4)) (* (const real -65.73514096499017) (var real x5))) (const real -183.32938428185506)) (<= (+ (* (const real -38.52262042604924) (var real x1)) (* (const real -125.85822320977944) (var real x2)) (* (const real -256.6150860027409) (var real x3)) (* (const real -116.74974427551386) (var real x4)) (* (const real -65.73514096499017) (var real x5))) (const real -183.32938428185506)) (<= (+ (* (const real -38.52262042604924) (var real x1)) (* (const real -125.85822320977944) (var real x2)) (* (const real -256.6150860027409) (var real x3)) (* (const real -116.74974427551386) (var real x4)) (* (const real -65.73514096499017) (var real x5))) (const real -183.32938428185506)) (<= (+ (* (const real -4.434013302901098) (var real x1)) (* (const real 2.82183352493275) (var real x2)) (* (const real 4.360929668213671) (var real x3)) (* (const real -4.546259418525641) (var real x4)) (* (const real -2.198978118174458) (var real x5))) (const real -2.3018845019206555)))", "indices": [12], "solving_time": 4.059139966964722, "selection_time": 0.2741529941558838}
{"type": "update", "theory": "(& (<= (+ (* (const real 2.0010817831184933) (var real x1)) (* (const real -17.517824788301674) (var real x2)) (* (const real -27.10823436112297) (var real x3)) (* (const real -9.461248222852511) (var real x4)) (* (const real -1.0745119201457856) (var real x5))) (const real -14.727651195753953)) (<= (+ (* (const real -8.858779579825445) (var real x1)) (* (const real -29.677337389073216) (var real x2)) (* (const real -39.91630846377293) (var real x3)) (* (const real -20.06204746301037) (var real x4)) (* (const real -2.4580136452060377) (var real x5))) (const real -32.02283054037205)) (<= (+ (* (const real -6.716581496487522) (var real x1)) (* (const real 4.109844463077193) (var real x2)) (* (const real 4.101345671435881) (var real x3)) (* (const real -5.9320406733108655) (var real x4)) (* (const real -5.437209209329058) (var real x5))) (const real -4.674949145376371)) (<= (+ (* (const real -8.630836301735137) (var real x1)) (* (const real 5.575331459884109) (var real x2)) (* (const real 8.50912981077047) (var real x3)) (* (const real -8.806667857955446) (var real x4)) (* (const real -4.380703176166802) (var real x5))) (const real -4.451762261669768)) (<= (+ (* (const real 2.0672447693072638) (var real x1)) (* (const real -18.273169654640732) (var real x2)) (* (const real -28.12476257852054) (var real x3)) (* (const real -9.824952266365491) (var real x4)) (* (const real -1.0322211074875873) (var real x5))) (const real -15.298083508943593)))", "indices": [1], "solving_time": 3.0654311180114746, "selection_time": 0.27347707748413086}
{"type": "update", "theory": "(& (<= (+ (* (const real 2.0010817831184933) (var real x1)) (* (const real -17.517824788301674) (var real x2)) (* (const real -27.10823436112297) (var real x3)) (* (const real -9.461248222852511) (var real x4)) (* (const real -1.0745119201457856) (var real x5))) (const real -14.727651195753953)) (<= (+ (* (const real -8.858779579825445) (var real x1)) (* (const real -29.677337389073216) (var real x2)) (* (const real -39.91630846377293) (var real x3)) (* (const real -20.06204746301037) (var real x4)) (* (const real -2.4580136452060377) (var real x5))) (const real -32.02283054037205)) (<= (+ (* (const real -108.84881481389282) (var real x1)) (* (const real 84.35881434027371) (var real x2)) (* (const real 144.87766555595337) (var real x3)) (* (const real 15.75172276757139) (var real x4)) (* (const real -113.16002112513901) (var real x5))) (const real 32.66394736881413)) (<= (+ (* (const real -35.13890891691499) (var real x1)) (* (const real 33.88673050664033) (var real x2)) (* (const real -5.105394390232371) (var real x3)) (* (const real -53.49996875703111) (var real x4)) (* (const real -62.3075144341724) (var real x5))) (const real -42.139556281765636)) (<= (+ (* (const real 2.0672447693072638) (var real x1)) (* (const real -18.273169654640732) (var real x2)) (* (const real -28.12476257852054) (var real x3)) (* (const real -9.824952266365491) (var real x4)) (* (const real -1.0322211074875873) (var real x5))) (const real -15.298083508943593)))", "indices": [234], "solving_time": 0.6544680595397949, "selection_time": 0.2738971710205078}
{"type": "update", "theory": "(& (<= (+ (* (const real 2.0010817831184933) (var real x1)) (* (const real -17.517824788301674) (var real x2)) (* (const real -27.10823436112297) (var real x3)) (* (const real -9.461248222852511) (var real x4)) (* (const real -1.0745119201457856) (var real x5))) (const real -14.727651195753953)) (<= (+ (* (const real -8.858779579825445) (var real x1)) (* (const real -29.677337389073216) (var real x2)) (* (const real -39.91630846377293) (var real x3)) (* (const real -20.06204746301037) (var real x4)) (* (const real -2.4580136452060377) (var real x5))) (const real -32.02283054037205)) (<= (+ (* (const real -282.7157358946218) (var real x1)) (* (const real 228.9055066202533) (var real x2)) (* (const real 382.3666817944488) (var real x3)) (* (const real 48.8835565225995) (var real x4)) (* (const real -304.6406759370553) (var real x5))) (const real 93.34783253178742)) (<= (+ (* (const real -35.13890891691499) (var real x1)) (* (const real 33.88673050664033) (var real x2)) (* (const real -5.105394390232371) (var real x3)) (* (const real -53.49996875703111) (var real x4)) (* (const real -62.3075144341724) (var real x5))) (const real -42.139556281765636)) (<= (+ (* (const real 2.0672447693072638) (var real x1)) (* (const real -18.273169654640732) (var real x2)) (* (const real -28.12476257852054) (var real x3)) (* (const real -9.824952266365491) (var real x4)) (* (const real -1.0322211074875873) (var real x5))) (const real -15.298083508943593)))", "indices": [309], "solving_time": 0.04738306999206543, "selection_time": 0.27136778831481934}
{"type": "update", "theory": "(& (<= (+ (* (const real 2.0010817831184933) (var real x1)) (* (const real -17.517824788301674) (var real x2)) (* (const real -27.10823436112297) (var real x3)) (* (const real -9.461248222852511) (var real x4)) (* (const real -1.0745119201457856) (var real x5))) (const real -14.727651195753953)) (<= (+ (* (const real -8.858779579825445) (var real x1)) (* (const real -29.677337389073216) (var real x2)) (* (const real -39.91630846377293) (var real x3)) (* (const real -20.06204746301037) (var real x4)) (* (const real -2.4580136452060377) (var real x5))) (const real -32.02283054037205)) (<= (+ (* (const real -282.7157358946218) (var real x1)) (* (const real 228.9055066202533) (var real x2)) (* (const real 382.3666817944488) (var real x3)) (* (const real 48.8835565225995) (var real x4)) (* (const real -304.6406759370553) (var real x5))) (const real 93.34783253178742)) (<= (+ (* (const real -38.06588072472827) (var real x1)) (* (const real 33.72067218665949) (var real x2)) (* (const real -2.301720958146858) (var real x3)) (* (const real -56.383976913489356) (var real x4)) (* (const real -64.11129684904536) (var real x5))) (const real -44.15762178075715)) (<= (+ (* (const real 2.0672447693072638) (var real x1)) (* (const real -18.273169654640732) (var real x2)) (* (const real -28.12476257852054) (var real x3)) (* (const real -9.824952266365491) (var real x4)) (* (const real -1.0322211074875873) (var real x5))) (const real -15.298083508943593)))", "indices": [297], "solving_time": 0.05142784118652344, "selection_time": 0.27437400817871094}
{"type": "update", "theory": "(& (<= (+ (* (const real 198.83728444422815) (var real x1)) (* (const real 649.0544888574865) (var real x2)) (* (const real -238.87891885407169) (var real x3)) (* (const real -392.0505788382978) (var real x4)) (* (const real 28.00681072050003) (var real x5))) (const real 481.90623836267696)) (<= (+ (* (const real -250.17375186441515) (var real x1)) (* (const real -244.1824215502494) (var real x2)) (* (const real -403.3834493491) (var real x3)) (* (const real -48.668385850440934) (var real x4)) (* (const real 88.77413697923211) (var real x5))) (const real -224.74872521856634)) (<= (+ (* (const real -282.7157358946218) (var real x1)) (* (const real 228.9055066202533) (var real x2)) (* (const real 382.3666817944488) (var real x3)) (* (const real 48.8835565225995) (var real x4)) (* (const real -304.6406759370553) (var real x5))) (const real 93.34783253178742)) (<= (+ (* (const real -91.26887546714104) (var real x1)) (* (const real 42.801816367803205) (var real x2)) (* (const real 75.57448219913107) (var real x3)) (* (const real -136.811685901143) (var real x4)) (* (const real -128.5880703976252) (var real x5))) (const real -76.47312706061159)) (<= (+ (* (const real 25.550220281112644) (var real x1)) (* (const real -45.364601573402915) (var real x2)) (* (const real -54.827107910362095) (var real x3)) (* (const real -19.128342914369153) (var real x4)) (* (const real 7.924501733228158) (var real x5))) (const real -11.97064751698507)))", "indices": [135], "solving_time": 2.1393520832061768, "selection_time": 0.2706589698791504}
{"type": "update", "theory": "(& (<= (+ (* (const real 198.83728444422815) (var real x1)) (* (const real 649.0544888574865) (var real x2)) (* (const real -238.87891885407169) (var real x3)) (* (const real -392.0505788382978) (var real x4)) (* (const real 28.00681072050003) (var real x5))) (const real 481.90623836267696)) (<= (+ (* (const real -250.17375186441515) (var real x1)) (* (const real -244.1824215502494) (var real x2)) (* (const real -403.3834493491) (var real x3)) (* (const real -48.668385850440934) (var real x4)) (* (const real 88.77413697923211) (var real x5))) (const real -224.74872521856634)) (<= (+ (* (const real -282.7157358946218) (var real x1)) (* (const real 228.9055066202533) (var real x2)) (* (const real 382.3666817944488) (var real x3)) (* (const real 48.8835565225995) (var real x4)) (* (const real -304.6406759370553) (var real x5))) (const real 93.34783253178742)) (<= (+ (* (const real -91.26887546714104) (var real x1)) (* (const real 42.801816367803205) (var real x2)) (* (const real 75.57448219913107) (var real x3)) (* (const real -136.811685901143) (var real x4)) (* (const real -128.5880703976252) (var real x5))) (const real -76.47312706061159)) (<= (+ (* (const real 32.94640463553568) (var real x1)) (* (const real -41.6249247073495) (var real x2)) (* (const real -38.56489966758703) (var real x3)) (* (const real -20.066293448500033) (var real x4)) (* (const real 4.382925575627094) (var real x5))) (const real -6.628349770484015)))", "indices": [433], "solving_time": 0.7348041534423828, "selection_time": 0.27311015129089355}
{"type": "update", "theory": "(& (<= (+ (* (const real 198.83728444422815) (var real x1)) (* (const real 649.0544888574865) (var real x2)) (* (const real -238.87891885407169) (var real x3)) (* (const real -392.0505788382978) (var real x4)) (* (const real 28.00681072050003) (var real x5))) (const real 481.90623836267696)) (<= (+ (* (const real -250.17375186441515) (var real x1)) (* (const real -244.1824215502494) (var real x2)) (* (const real -403.3834493491) (var real x3)) (* (const real -48.668385850440934) (var real x4)) (* (const real 88.77413697923211) (var real x5))) (const real -224.74872521856634)) (<= (+ (* (const real -282.7157358946218) (var real x1)) (* (const real 228.9055066202533) (var real x2)) (* (const real 382.3666817944488) (var real x3)) (* (const real 48.8835565225995) (var real x4)) (* (const real -304.6406759370553) (var real x5))) (const real 93.34783253178742)) (<= (+ (* (const real -91.26887546714104) (var real x1)) (* (const real 42.801816367803205) (var real x2)) (* (const real 75.57448219913107) (var real x3)) (* (const real -136.811685901143) (var real x4)) (* (const real -128.5880703976252) (var real x5))) (const real -76.47312706061159)) (<= (+ (* (const real 29.295351720240035) (var real x1)) (* (const real -35.587875951349965) (var real x2)) (* (const real -33.984471043540175) (var real x3)) (* (const real -16.66349190361134) (var real x4)) (* (const real 2.2454843565921827) (var real x5))) (const real -5.257846997574668)))", "indices": [315], "solving_time": 0.2559847831726074, "selection_time": 0.26976895332336426}
{"type": "update", "theory": "(& (<= (+ (* (const real 198.83728444422815) (var real x1)) (* (const real 649.0544888574865) (var real x2)) (* (const real -238.87891885407169) (var real x3)) (* (const real -392.0505788382978) (var real x4)) (* (const real 28.00681072050003) (var real x5))) (const real 481.90623836267696)) (<= (+ (* (const real -250.17375186441515) (var real x1)) (* (const real -244.1824215502494) (var real x2)) (* (const real -403.3834493491) (var real x3)) (* (const real -48.668385850440934) (var real x4)) (* (const real 88.77413697923211) (var real x5))) (const real -224.74872521856634)) (<= (+ (* (const real -282.7157358946218) (var real x1)) (* (const real 228.9055066202533) (var real x2)) (* (const real 382.3666817944488) (var real x3)) (* (const real 48.8835565225995) (var real x4)) (* (const real -304.6406759370553) (var real x5))) (const real 93.34783253178742)) (<= (+ (* (const real -91.26887546714104) (var real x1)) (* (const real 42.801816367803205) (var real x2)) (* (const real 75.57448219913107) (var real x3)) (* (const real -136.811685901143) (var real x4)) (* (const real -128.5880703976252) (var real x5))) (const real -76.47312706061159)) (<= (+ (* (const real 33.02848533531885) (var real x1)) (* (const real -39.590301233040286) (var real x2)) (* (const real -38.07890110623232) (var real x3)) (* (const real -18.93031790274259) (var real x4)) (* (const real 2.409336133871514) (var real x5))) (const real -5.819646359926969)))", "indices": [380], "solving_time": 0.041243791580200195, "selection_time": 0.27083897590637207}
{"type": "update", "theory": "(& (<= (+ (* (const real 198.83728444422815) (var real x1)) (* (const real 649.0544888574865) (var real x2)) (* (const real -238.87891885407169) (var real x3)) (* (const real -392.0505788382978) (var real x4)) (* (const real 28.00681072050003) (var real x5))) (const real 481.90623836267696)) (<= (+ (* (const real -250.17375186441515) (var real x1)) (* (const real -244.1824215502494) (var real x2)) (* (const real -403.3834493491) (var real x3)) (* (const real -48.668385850440934) (var real x4)) (* (const real 88.77413697923211) (var real x5))) (const real -224.74872521856634)) (<= (+ (* (const real -278.21871689108605) (var real x1)) (* (const real 227.11748227325808) (var real x2)) (* (const real 375.738361217898) (var real x3)) (* (const real 44.78870511786757) (var real x4)) (* (const real -299.7367482200591) (var real x5))) (const real 92.42570735108708)) (<= (+ (* (const real -27.695805478423388) (var real x1)) (* (const real 47.145950404989776) (var real x2)) (* (const real 17.703383852866494) (var real x3)) (* (const real -65.79813749739272) (var real x4)) (* (const real -86.84897653342927) (var real x5))) (const real -26.923452285242146)) (<= (+ (* (const real 33.02848533531885) (var real x1)) (* (const real -39.590301233040286) (var real x2)) (* (const real -38.07890110623232) (var real x3)) (* (const real -18.93031790274259) (var real x4)) (* (const real 2.409336133871514) (var real x5))) (const real -5.819646359926969)))", "indices": [346], "solving_time": 1.5138781070709229, "selection_time": 0.26934814453125}
{"type": "update", "theory": "(& (<= (+ (* (const real 198.83728444422815) (var real x1)) (* (const real 649.0544888574865) (var real x2)) (* (const real -238.87891885407169) (var real x3)) (* (const real -392.0505788382978) (var real x4)) (* (const real 28.00681072050003) (var real x5))) (const real 481.90623836267696)) (<= (+ (* (const real -250.17375186441515) (var real x1)) (* (const real -244.1824215502494) (var real x2)) (* (const real -403.3834493491) (var real x3)) (* (const real -48.668385850440934) (var real x4)) (* (const real 88.77413697923211) (var real x5))) (const real -224.74872521856634)) (<= (+ (* (const real -278.21871689108605) (var real x1)) (* (const real 227.11748227325808) (var real x2)) (* (const real 375.738361217898) (var real x3)) (* (const real 44.78870511786757) (var real x4)) (* (const real -299.7367482200591) (var real x5))) (const real 92.42570735108708)) (<= (+ (* (const real -231.02258904025587) (var real x1)) (* (const real 188.3407300551372) (var real x2)) (* (const real 308.3925938513579) (var real x3)) (* (const real 37.867224697552544) (var real x4)) (* (const real -245.33064711642828) (var real x5))) (const real 76.30899565904926)) (<= (+ (* (const real 33.02848533531885) (var real x1)) (* (const real -39.590301233040286) (var real x2)) (* (const real -38.07890110623232) (var real x3)) (* (const real -18.93031790274259) (var real x4)) (* (const real 2.409336133871514) (var real x5))) (const real -5.819646359926969)))", "indices": [176], "solving_time": 0.27056097984313965, "selection_time": 0.2682640552520752}
{"type": "update", "theory": "(& (<= (+ (* (const real 198.83728444422815) (var real x1)) (* (const real 649.0544888574865) (var real x2)) (* (const real -238.87891885407169) (var real x3)) (* (const real -392.0505788382978) (var real x4)) (* (const real 28.00681072050003) (var real x5))) (const real 481.90623836267696)) (<= (+ (* (const real -250.17375186441515) (var real x1)) (* (const real -244.1824215502494) (var real x2)) (* (const real -403.3834493491) (var real x3)) (* (const real -48.668385850440934) (var real x4)) (* (const real 88.77413697923211) (var real x5))) (const real -224.74872521856634)) (<= (+ (* (const real -538.5739822599301) (var real x1)) (* (const real 438.60180243661125) (var real x2)) (* (const real 709.9246374375053) (var real x3)) (* (const real 84.40805163080041) (var real x4)) (* (const real -567.4940243588279) (var real x5))) (const real 173.36634676314017)) (<= (+ (* (const real -1608.9614075603527) (var real x1)) (* (const real 1361.1023885607126) (var real x2)) (* (const real 2152.598263460189) (var real x3)) (* (const real 287.2972582161652) (var real x4)) (* (const real -1736.0191142179026) (var real x5))) (const real 568.5603536622132)) (<= (+ (* (const real 33.02848533531885) (var real x1)) (* (const real -39.590301233040286) (var real x2)) (* (const real -38.07890110623232) (var real x3)) (* (const real -18.93031790274259) (var real x4)) (* (const real 2.409336133871514) (var real x5))) (const real -5.819646359926969)))", "indices": [232], "solving_time": 0.38477396965026855, "selection_time": 0.26722216606140137}
{"type": "update", "theory": "(& (<= (+ (* (const real 198.83728444422815) (var real x1)) (* (const real 649.0544888574865) (var real x2)) (* (const real -238.87891885407169) (var real x3)) (* (const real -392.0505788382978) (var real x4)) (* (const real 28.00681072050003) (var real x5))) (const real 481.90623836267696)) (<= (+ (* (const real -250.17375186441515) (var real x1)) (* (const real -244.1824215502494) (var real x2)) (* (const real -403.3834493491) (var real x3)) (* (const real -48.668385850440934) (var real x4)) (* (const real 88.77413697923211) (var real x5))) (const real -224.74872521856634)) (<= (+ (* (const real 1.6048199333784516) (var real x1)) (* (const real 1.3913361418405938) (var real x2)) (* (const real -0.5967406991527701) (var real x3)) (* (const real -101.56476346076347) (var real x4)) (* (const real -0.5174593111191812) (var real x5))) (const real -21.185778942088355)) (<= (+ (* (const real -1608.9614075603527) (var real x1)) (* (const real 1361.1023885607126) (var real x2)) (* (const real 2152.598263460189) (var real x3)) (* (const real 287.2972582161652) (var real x4)) (* (const real -1736.0191142179026) (var real x5))) (const real 568.5603536622132)) (<= (+ (* (const real -38.16052985993692) (var real x1)) (* (const real -311.74345805272264) (var real x2)) (* (const real -68.89597136300935) (var real x3)) (* (const real -29.09798377602291) (var real x4)) (* (const real -19.581387354985786) (var real x5))) (const real -110.6335785033183)))", "indices": [145], "solving_time": 3.1423580646514893, "selection_time": 0.26787614822387695}
{"type": "update", "theory": "(& (<= (+ (* (const real 198.83728444422815) (var real x1)) (* (const real 649.0544888574865) (var real x2)) (* (const real -238.87891885407169) (var real x3)) (* (const real -392.0505788382978) (var real x4)) (* (const real 28.00681072050003) (var real x5))) (const real 481.90623836267696)) (<= (+ (* (const real -250.17375186441515) (var real x1)) (* (const real -244.1824215502494) (var real x2)) (* (const real -403.3834493491) (var real x3)) (* (const real -48.668385850440934) (var real x4)) (* (const real 88.77413697923211) (var real x5))) (const real -224.74872521856634)) (<= (+ (* (const real 1.6048199333784516) (var real x1)) (* (const real 1.3913361418405938) (var real x2)) (* (const real -0.5967406991527701) (var real x3)) (* (const real -101.56476346076347) (var real x4)) (* (const real -0.5174593111191812) (var real x5))) (const real -21.185778942088355)) (<= (+ (* (const real -19.50498026876306) (var real x1)) (* (const real 10.674183880814775) (var real x2)) (* (const real 7.881361939561195) (var real x3)) (* (const real -1.8704787936757248) (var real x4)) (* (const real -19.312587398440442) (var real x5))) (const real -7.285720703179785)) (<= (+ (* (const real -38.16052985993692) (var real x1)) (* (const real -311.74345805272264) (var real x2)) (* (const real -68.89597136300935) (var real x3)) (* (const real -29.09798377602291) (var real x4)) (* (const real -19.581387354985786) (var real x5))) (const real -110.6335785033183)))", "indices": [316], "solving_time": 1.6768748760223389, "selection_time": 0.2666780948638916}
{"type": "update", "theory": "(& (<= (+ (* (const real 198.83728444422815) (var real x1)) (* (const real 649.0544888574865) (var real x2)) (* (const real -238.87891885407169) (var real x3)) (* (const real -392.0505788382978) (var real x4)) (* (const real 28.00681072050003) (var real x5))) (const real 481.90623836267696)) (<= (+ (* (const real -250.17375186441515) (var real x1)) (* (const real -244.1824215502494) (var real x2)) (* (const real -403.3834493491) (var real x3)) (* (const real -48.668385850440934) (var real x4)) (* (const real 88.77413697923211) (var real x5))) (const real -224.74872521856634)) (<= (+ (* (const real 1.6048199333784516) (var real x1)) (* (const real 1.3913361418405938) (var real x2)) (* (const real -0.5967406991527701) (var real x3)) (* (const real -101.56476346076347) (var real x4)) (* (const real -0.5174593111191812) (var real x5))) (const real -21.185778942088355)) (<= (+ (* (const real -58.751216756254976) (var real x1)) (* (const real 37.39393701782932) (var real x2)) (* (const real 31.33411339822895) (var real x3)) (* (const real -11.609200346607105) (var real x4)) (* (const real -68.86425228813165) (var real x5))) (const real -22.65050145703914)) (<= (+ (* (const real -38.16052985993692) (var real x1)) (* (const real -311.74345805272264) (var real x2)) (* (const real -68.89597136300935) (var real x3)) (* (const real -29.09798377602291) (var real x4)) (* (const real -19.581387354985786) (var real x5))) (const real -110.6335785033183)))", "indices": [343], "solving_time": 0.15657281875610352, "selection_time": 0.2660949230194092}
{"type": "update", "theory": "(& (<= (+ (* (const real -9.542591251391906) (var real x1)) (* (const real 2.9270294096456313) (var real x2)) (* (const real 4.081395179959041) (var real x3)) (* (const real -5.728205733293729) (var real x4)) (* (const real 7.258641782149533) (var real x5))) (const real 2.7156223852646546)) (<= (+ (* (const real 7.552315880468673) (var real x1)) (* (const real -17.604609095378486) (var real x2)) (* (const real -40.90771557421427) (var real x3)) (* (const real -12.937817701492394) (var real x4)) (* (const real 5.077057867847258) (var real x5))) (const real -9.361199742449994)) (<= (+ (* (const real 1.6048199333784516) (var real x1)) (* (const real 1.3913361418405938) (var real x2)) (* (const real -0.5967406991527701) (var real x3)) (* (const real -101.56476346076347) (var real x4)) (* (const real -0.5174593111191812) (var real x5))) (const real -21.185778942088355)) (<= (+ (* (const real -58.751216756254976) (var real x1)) (* (const real 37.39393701782932) (var real x2)) (* (const real 31.33411339822895) (var real x3)) (* (const real -11.609200346607105) (var real x4)) (* (const real -68.86425228813165) (var real x5))) (const real -22.65050145703914)) (<= (+ (* (const real -8.692186976750003) (var real x1)) (* (const real -69.79654773978443) (var real x2)) (* (const real -112.17001073633736) (var real x3)) (* (const real -6.002704411062029) (var real x4)) (* (const real -5.173815929814448) (var real x5))) (const real -36.53726300363088)))", "indices": [291], "solving_time": 8.677433013916016, "selection_time": 0.2646017074584961}
{"type": "update", "theory": "(& (<= (+ (* (const real -12.868331648841112) (var real x1)) (* (const real 3.17785002659015) (var real x2)) (* (const real 4.763989132826037) (var real x3)) (* (const real -8.47446468612064) (var real x4)) (* (const real 7.013877904608644) (var real x5))) (const real 1.3186802889256972)) (<= (+ (* (const real 7.552315880468673) (var real x1)) (* (const real -17.604609095378486) (var real x2)) (* (const real -40.90771557421427) (var real x3)) (* (const real -12.937817701492394) (var real x4)) (* (const real 5.077057867847258) (var real x5))) (const real -9.361199742449994)) (<= (+ (* (const real 1.6048199333784516) (var real x1)) (* (const real 1.3913361418405938) (var real x2)) (* (const real -0.5967406991527701) (var real x3)) (* (const real -101.56476346076347) (var real x4)) (* (const real -0.5174593111191812) (var real x5))) (const real -21.185778942088355)) (<= (+ (* (const real -58.751216756254976) (var real x1)) (* (const real 37.39393701782932) (var real x2)) (* (const real 31.33411339822895) (var real x3)) (* (const real -11.609200346607105) (var real x4)) (* (const real -68.86425228813165) (var real x5))) (const real -22.65050145703914)) (<= (+ (* (const real -8.692186976750003) (var real x1)) (* (const real -69.79654773978443) (var real x2)) (* (const real -112.17001073633736) (var real x3)) (* (const real -6.002704411062029) (var real x4)) (* (const real -5.173815929814448) (var real x5))) (const real -36.53726300363088)))", "indices": [325], "solving_time": 1.5824549198150635, "selection_time": 0.2641720771789551}
{"type": "update", "theory": "(& (<= (+ (* (const real -12.868331648841112) (var real x1)) (* (const real 3.17785002659015) (var real x2)) (* (const real 4.763989132826037) (var real x3)) (* (const real -8.47446468612064) (var real x4)) (* (const real 7.013877904608644) (var real x5))) (const real 1.3186802889256972)) (<= (+ (* (const real 7.552315880468673) (var real x1)) (* (const real -17.604609095378486) (var real x2)) (* (const real -40.90771557421427) (var real x3)) (* (const real -12.937817701492394) (var real x4)) (* (const real 5.077057867847258) (var real x5))) (const real -9.361199742449994)) (<= (+ (* (const real 1.6048199333784516) (var real x1)) (* (const real 1.3913361418405938) (var real x2)) (* (const real -0.5967406991527701) (var real x3)) (* (const real -101.56476346076347) (var real x4)) (* (const real -0.5174593111191812) (var real x5))) (const real -21.185778942088355)) (<= (+ (* (const real -851.0214109915414) (var real x1)) (* (const real 675.5990789266554) (var real x2)) (* (const real 415.388255422476) (var real x3)) (* (const real -307.22235131466266) (var real x4)) (* (const real -1030.5270026620974) (var real x5))) (const real -344.5841625209382)) (<= (+ (* (const real -8.692186976750003) (var real x1)) (* (const real -69.79654773978443) (var real x2)) (* (const real -112.17001073633736) (var real x3)) (* (const real -6.002704411062029) (var real x4)) (* (const real -5.173815929814448) (var real x5))) (const real -36.53726300363088)))", "indices": [361], "solving_time": 0.9564921855926514, "selection_time": 0.26368212699890137}
{"type": "update", "theory": "(& (<= (+ (* (const real -12.868331648841112) (var real x1)) (* (const real 3.17785002659015) (var real x2)) (* (const real 4.763989132826037) (var real x3)) (* (const real -8.47446468612064) (var real x4)) (* (const real 7.013877904608644) (var real x5))) (const real 1.3186802889256972)) (<= (+ (* (const real 92.94004404488304) (var real x1)) (* (const real -175.36676379604725) (var real x2)) (* (const real -260.86076041934245) (var real x3)) (* (const real -173.38539743280404) (var real x4)) (* (const real 25.632584876749398) (var real x5))) (const real -86.436575073336)) (<= (+ (* (const real 1.6048199333784516) (var real x1)) (* (const real 1.3913361418405938) (var real x2)) (* (const real -0.5967406991527701) (var real x3)) (* (const real -101.56476346076347) (var real x4)) (* (const real -0.5174593111191812) (var real x5))) (const real -21.185778942088355)) (<= (+ (* (const real -851.0214109915414) (var real x1)) (* (const real 675.5990789266554) (var real x2)) (* (const real 415.388255422476) (var real x3)) (* (const real -307.22235131466266) (var real x4)) (* (const real -1030.5270026620974) (var real x5))) (const real -344.5841625209382)) (<= (+ (* (const real -8.692186976750003) (var real x1)) (* (const real -69.79654773978443) (var real x2)) (* (const real -112.17001073633736) (var real x3)) (* (const real -6.002704411062029) (var real x4)) (* (const real -5.173815929814448) (var real x5))) (const real -36.53726300363088)))", "indices": [169], "solving_time": 0.23387718200683594, "selection_time": 0.26223182678222656}
{"type": "update", "theory": "(& (<= (+ (* (const real -12.868331648841112) (var real x1)) (* (const real 3.17785002659015) (var real x2)) (* (const real 4.763989132826037) (var real x3)) (* (const real -8.47446468612064) (var real x4)) (* (const real 7.013877904608644) (var real x5))) (const real 1.3186802889256972)) (<= (+ (* (const real 193.34535835935952) (var real x1)) (* (const real -450.48084162880747) (var real x2)) (* (const real -852.7328833706732) (var real x3)) (* (const real -407.5435584755005) (var real x4)) (* (const real 97.78717482900595) (var real x5))) (const real -246.35466509706896)) (<= (+ (* (const real 1.6048199333784516) (var real x1)) (* (const real 1.3913361418405938) (var real x2)) (* (const real -0.5967406991527701) (var real x3)) (* (const real -101.56476346076347) (var real x4)) (* (const real -0.5174593111191812) (var real x5))) (const real -21.185778942088355)) (<= (+ (* (const real -851.0214109915414) (var real x1)) (* (const real 675.5990789266554) (var real x2)) (* (const real 415.388255422476) (var real x3)) (* (const real -307.22235131466266) (var real x4)) (* (const real -1030.5270026620974) (var real x5))) (const real -344.5841625209382)) (<= (+ (* (const real -10.860463343200909) (var real x1)) (* (const real -71.24012476064149) (var real x2)) (* (const real -125.66335739371978) (var real x3)) (* (const real -4.9952101350831715) (var real x4)) (* (const real -2.072753355275232) (var real x5))) (const real -38.699762645185125)))", "indices": [336], "solving_time": 0.06951618194580078, "selection_time": 0.26425909996032715}
{"type": "update", "theory": "(& (<= (+ (* (const real -814.8898177205733) (var real x1)) (* (const real 289.4357692615046) (var real x2)) (* (const real 204.2814072339513) (var real x3)) (* (const real -381.743973159675) (var real x4)) (* (const real 289.409978051316) (var real x5))) (const real 24.943694130144493)) (<= (+ (* (const real 193.34535835935952) (var real x1)) (* (const real -450.48084162880747) (var real x2)) (* (const real -852.7328833706732) (var real x3)) (* (const real -407.5435584755005) (var real x4)) (* (const real 97.78717482900595) (var real x5))) (const real -246.35466509706896)) (<= (+ (* (const real 1.6048199333784516) (var real x1)) (* (const real 1.3913361418405938) (var real x2)) (* (const real -0.5967406991527701) (var real x3)) (* (const real -101.56476346076347) (var real x4)) (* (const real -0.5174593111191812) (var real x5))) (const real -21.185778942088355)) (<= (+ (* (const real -851.0214109915414) (var real x1)) (* (const real 675.5990789266554) (var real x2)) (* (const real 415.388255422476) (var real x3)) (* (const real -307.22235131466266) (var real x4)) (* (const real -1030.5270026620974) (var real x5))) (const real -344.5841625209382)) (<= (+ (* (const real -10.860463343200909) (var real x1)) (* (const real -71.24012476064149) (var real x2)) (* (const real -125.66335739371978) (var real x3)) (* (const real -4.9952101350831715) (var real x4)) (* (const real -2.072753355275232) (var real x5))) (const real -38.699762645185125)))", "indices": [236], "solving_time": 0.23318195343017578, "selection_time": 0.2646200656890869}
{"type": "update", "theory": "(& (<= (+ (* (const real -86.84392541025036) (var real x1)) (* (const real -72.1755205819193) (var real x2)) (* (const real 83.82878607441279) (var real x3)) (* (const real -870.2776222523971) (var real x4)) (* (const real 82.65001188793457) (var real x5))) (const real -165.31628501283296)) (<= (+ (* (const real 229.47898758081993) (var real x1)) (* (const real -369.33019956776883) (var real x2)) (* (const real -420.6808610634182) (var real x3)) (* (const real -394.0497807639824) (var real x4)) (* (const real 12.488079829981505) (var real x5))) (const real -166.57716516725702)) (<= (+ (* (const real -58.751216756254976) (var real x1)) (* (const real 37.39393701782932) (var real x2)) (* (const real 31.33411339822895) (var real x3)) (* (const real -11.609200346607105) (var real x4)) (* (const real -68.86425228813165) (var real x5))) (const real -22.65050145703914)) (<= (+ (* (const real -6.763789813250779) (var real x1)) (* (const real -27.682364753075557) (var real x2)) (* (const real -65.18724546631091) (var real x3)) (* (const real 36.67959365952966) (var real x4)) (* (const real -1.1284191991592223) (var real x5))) (const real 9.753257091193914)) (<= (+ (* (const real -476.42500205483594) (var real x1)) (* (const real 104.35280477028802) (var real x2)) (* (const real -72.78034083881667) (var real x3)) (* (const real -41.90654051436459) (var real x4)) (* (const real -140.23519340318236) (var real x5))) (const real -215.53849583943634)))", "indices": [134], "solving_time": 10.833567142486572, "selection_time": 0.26424193382263184}
{"type": "update", "theory": "(& (<= (+ (* (const real -86.84392541025036) (var real x1)) (* (const real -72.1755205819193) (var real x2)) (* (const real 83.82878607441279) (var real x3)) (* (const real -870.2776222523971) (var real x4)) (* (const real 82.65001188793457) (var real x5))) (const real -165.31628501283296)) (<= (+ (* (const real 229.47898758081993) (var real x1)) (* (const real -369.33019956776883) (var real x2)) (* (const real -420.6808610634182) (var real x3)) (* (const real -394.0497807639824) (var real x4)) (* (const real 12.488079829981505) (var real x5))) (const real -166.57716516725702)) (<= (+ (* (const real -58.751216756254976) (var real x1)) (* (const real 37.39393701782932) (var real x2)) (* (const real 31.33411339822895) (var real x3)) (* (const real -11.609200346607105) (var real x4)) (* (const real -68.86425228813165) (var real x5))) (const real -22.65050145703914)) (<= (+ (* (const real -38.56598461086262) (var real x1)) (* (const real -75.71486557430846) (var real x2)) (* (const real -166.83092684285606) (var real x3)) (* (const real 28.194435868376274) (var real x4)) (* (const real 15.853404757488438) (var real x5))) (const real -31.104658964786285)) (<= (+ (* (const real -476.42500205483594) (var real x1)) (* (const real 104.35280477028802) (var real x2)) (* (const real -72.78034083881667) (var real x3)) (* (const real -41.90654051436459) (var real x4)) (* (const real -140.23519340318236) (var real x5))) (const real -215.53849583943634)))", "indices": [479], "solving_time": 0.10246706008911133, "selection_time": 0.26105308532714844}
{"type": "update", "theory": "(& (<= (+ (* (const real -86.84392541025036) (var real x1)) (* (const real -72.1755205819193) (var real x2)) (* (const real 83.82878607441279) (var real x3)) (* (const real -870.2776222523971) (var real x4)) (* (const real 82.65001188793457) (var real x5))) (const real -165.31628501283296)) (<= (+ (* (const real 229.47898758081993) (var real x1)) (* (const real -369.33019956776883) (var real x2)) (* (const real -420.6808610634182) (var real x3)) (* (const real -394.0497807639824) (var real x4)) (* (const real 12.488079829981505) (var real x5))) (const real -166.57716516725702)) (<= (+ (* (const real -22310.013467695615) (var real x1)) (* (const real 16735.97567303057) (var real x2)) (* (const real 11680.100306255883) (var real x3)) (* (const real -4967.298816364898) (var real x4)) (* (const real -24617.195956744617) (var real x5))) (const real -7041.576010382458)) (<= (+ (* (const real -38.56598461086262) (var real x1)) (* (const real -75.71486557430846) (var real x2)) (* (const real -166.83092684285606) (var real x3)) (* (const real 28.194435868376274) (var real x4)) (* (const real 15.853404757488438) (var real x5))) (const real -31.104658964786285)) (<= (+ (* (const real -476.42500205483594) (var real x1)) (* (const real 104.35280477028802) (var real x2)) (* (const real -72.78034083881667) (var real x3)) (* (const real -41.90654051436459) (var real x4)) (* (const real -140.23519340318236) (var real x5))) (const real -215.53849583943634)))", "indices": [174], "solving_time": 0.6966838836669922, "selection_time": 0.260404109954834}
{"type": "update", "theory": "(& (<= (+ (* (const real -86.84392541025036) (var real x1)) (* (const real -72.1755205819193) (var real x2)) (* (const real 83.82878607441279) (var real x3)) (* (const real -870.2776222523971) (var real x4)) (* (const real 82.65001188793457) (var real x5))) (const real -165.31628501283296)) (<= (+ (* (const real 65.9925213231999) (var real x1)) (* (const real -101.52960772447557) (var real x2)) (* (const real -102.00973156237468) (var real x3)) (* (const real -110.54029398138418) (var real x4)) (* (const real 6.267201027422403) (var real x5))) (const real -43.51657234294881)) (<= (+ (* (const real -2.194106188780237) (var real x1)) (* (const real 1.4982851978097615) (var real x2)) (* (const real -0.36701293326537826) (var real x3)) (* (const real 1.1117378490412628) (var real x4)) (* (const real -64.89588772555082) (var real x5))) (const real -5.927738721736089)) (<= (+ (* (const real -37.68768342924384) (var real x1)) (* (const real -83.58644423742771) (var real x2)) (* (const real -176.48434146485795) (var real x3)) (* (const real 23.632580975829256) (var real x4)) (* (const real 14.15812027437698) (var real x5))) (const real -37.331162390322724)) (<= (+ (* (const real -241.9515636039879) (var real x1)) (* (const real 41.329471857769356) (var real x2)) (* (const real -57.65407462698646) (var real x3)) (* (const real -29.80138729093116) (var real x4)) (* (const real -45.40139883424338) (var real x5))) (const real -115.3221903334582)))", "indices": [129], "solving_time": 12.63907527923584, "selection_time": 0.25972795486450195}
{"type": "update", "theory": "(& (<= (+ (* (const real -86.84392541025036) (var real x1)) (* (const real -72.1755205819193) (var real x2)) (* (const real 83.82878607441279) (var real x3)) (* (const real -870.2776222523971) (var real x4)) (* (const real 82.65001188793457) (var real x5))) (const real -165.31628501283296)) (<= (+ (* (const real 65.9925213231999) (var real x1)) (* (const real -101.52960772447557) (var real x2)) (* (const real -102.00973156237468) (var real x3)) (* (const real -110.54029398138418) (var real x4)) (* (const real 6.267201027422403) (var real x5))) (const real -43.51657234294881)) (<= (+ (* (const real -4.363794004586014) (var real x1)) (* (const real 0.19277182050194622) (var real x2)) (* (const real 4.390075769413344) (var real x3)) (* (const real -0.947213164134468) (var real x4)) (* (const real -72.8133669138065) (var real x5))) (const real -7.168206450484085)) (<= (+ (* (const real -37.68768342924384) (var real x1)) (* (const real -83.58644423742771) (var real x2)) (* (const real -176.48434146485795) (var real x3)) (* (const real 23.632580975829256) (var real x4)) (* (const real 14.15812027437698) (var real x5))) (const real -37.331162390322724)) (<= (+ (* (const real -241.9515636039879) (var real x1)) (* (const real 41.329471857769356) (var real x2)) (* (const real -57.65407462698646) (var real x3)) (* (const real -29.80138729093116) (var real x4)) (* (const real -45.40139883424338) (var real x5))) (const real -115.3221903334582)))", "indices": [406], "solving_time": 0.23959994316101074, "selection_time": 0.25909996032714844}
{"type": "update", "theory": "(& (<= (+ (* (const real -30.427791479466865) (var real x1)) (* (const real 7.261953973206495) (var real x2)) (* (const real 9.30609807314014) (var real x3)) (* (const real -37.323212161641585) (var real x4)) (* (const real 14.683410142306542) (var real x5))) (const real -3.106969277717549)) (<= (+ (* (const real -29.293973618867277) (var real x1)) (* (const real 64.12720943888607) (var real x2)) (* (const real -308.4319570668525) (var real x3)) (* (const real -701.0057471782284) (var real x4)) (* (const real -79.51437694092164) (var real x5))) (const real -261.1996902320003)) (<= (+ (* (const real -4.363794004586014) (var real x1)) (* (const real 0.19277182050194622) (var real x2)) (* (const real 4.390075769413344) (var real x3)) (* (const real -0.947213164134468) (var real x4)) (* (const real -72.8133669138065) (var real x5))) (const real -7.168206450484085)) (<= (+ (* (const real -69.25412245395046) (var real x1)) (* (const real -29.122003573500585) (var real x2)) (* (const real -30.312132679181275) (var real x3)) (* (const real -17.167610872560804) (var real x4)) (* (const real 23.285211594726366) (var real x5))) (const real -36.98553685143406)) (<= (+ (* (const real 16.79970198150739) (var real x1)) (* (const real -116.79346015167847) (var real x2)) (* (const real -55.114526113845415) (var real x3)) (* (const real -32.09839874887578) (var real x4)) (* (const real 8.371742325092514) (var real x5))) (const real -38.78816512458404)))", "indices": [273], "solving_time": 9.524338245391846, "selection_time": 0.25960397720336914}
{"type": "update", "theory": "(& (<= (+ (* (const real -30.427791479466865) (var real x1)) (* (const real 7.261953973206495) (var real x2)) (* (const real 9.30609807314014) (var real x3)) (* (const real -37.323212161641585) (var real x4)) (* (const real 14.683410142306542) (var real x5))) (const real -3.106969277717549)) (<= (+ (* (const real 4.308411373199476) (var real x1)) (* (const real 9.287204144740704) (var real x2)) (* (const real -13.325168283256485) (var real x3)) (* (const real -47.868252883779775) (var real x4)) (* (const real -6.76493210555238) (var real x5))) (const real -10.342751760338409)) (<= (+ (* (const real -4.363794004586014) (var real x1)) (* (const real 0.19277182050194622) (var real x2)) (* (const real 4.390075769413344) (var real x3)) (* (const real -0.947213164134468) (var real x4)) (* (const real -72.8133669138065) (var real x5))) (const real -7.168206450484085)) (<= (+ (* (const real -69.25412245395046) (var real x1)) (* (const real -29.122003573500585) (var real x2)) (* (const real -30.312132679181275) (var real x3)) (* (const real -17.167610872560804) (var real x4)) (* (const real 23.285211594726366) (var real x5))) (const real -36.98553685143406)) (<= (+ (* (const real 16.79970198150739) (var real x1)) (* (const real -116.79346015167847) (var real x2)) (* (const real -55.114526113845415) (var real x3)) (* (const real -32.09839874887578) (var real x4)) (* (const real 8.371742325092514) (var real x5))) (const real -38.78816512458404)))", "indices": [478], "solving_time": 4.851949214935303, "selection_time": 0.2590651512145996}
{"type": "update", "theory": "(& (<= (+ (* (const real -16.11024398030924) (var real x1)) (* (const real 3.783201323349831) (var real x2)) (* (const real 32.59060899017278) (var real x3)) (* (const real 4.462380223648668) (var real x4)) (* (const real 0.41127298131272505) (var real x5))) (const real 18.82895671370795)) (<= (+ (* (const real -4.607793358110237) (var real x1)) (* (const real 19.43582195578999) (var real x2)) (* (const real -8.445795064292792) (var real x3)) (* (const real -37.08871201071086) (var real x4)) (* (const real -23.20707487676286) (var real x5))) (const real -11.811887091902749)) (<= (+ (* (const real -4.363794004586014) (var real x1)) (* (const real 0.19277182050194622) (var real x2)) (* (const real 4.390075769413344) (var real x3)) (* (const real -0.947213164134468) (var real x4)) (* (const real -72.8133669138065) (var real x5))) (const real -7.168206450484085)) (<= (+ (* (const real -69.25412245395046) (var real x1)) (* (const real -29.122003573500585) (var real x2)) (* (const real -30.312132679181275) (var real x3)) (* (const real -17.167610872560804) (var real x4)) (* (const real 23.285211594726366) (var real x5))) (const real -36.98553685143406)) (<= (+ (* (const real 16.79970198150739) (var real x1)) (* (const real -116.79346015167847) (var real x2)) (* (const real -55.114526113845415) (var real x3)) (* (const real -32.09839874887578) (var real x4)) (* (const real 8.371742325092514) (var real x5))) (const real -38.78816512458404)))", "indices": [107], "solving_time": 12.017334938049316, "selection_time": 0.2575500011444092}
{"type": "update", "theory": "(& (<= (+ (* (const real -20.13763647667706) (var real x1)) (* (const real 3.5700226380724085) (var real x2)) (* (const real 33.38997812600284) (var real x3)) (* (const real 4.629341525469846) (var real x4)) (* (const real 0.8024454080178539) (var real x5))) (const real 18.534006112167216)) (<= (+ (* (const real -4.607793358110237) (var real x1)) (* (const real 19.43582195578999) (var real x2)) (* (const real -8.445795064292792) (var real x3)) (* (const real -37.08871201071086) (var real x4)) (* (const real -23.20707487676286) (var real x5))) (const real -11.811887091902749)) (<= (+ (* (const real -4.363794004586014) (var real x1)) (* (const real 0.19277182050194622) (var real x2)) (* (const real 4.390075769413344) (var real x3)) (* (const real -0.947213164134468) (var real x4)) (* (const real -72.8133669138065) (var real x5))) (const real -7.168206450484085)) (<= (+ (* (const real -69.25412245395046) (var real x1)) (* (const real -29.122003573500585) (var real x2)) (* (const real -30.312132679181275) (var real x3)) (* (const real -17.167610872560804) (var real x4)) (* (const real 23.285211594726366) (var real x5))) (const real -36.98553685143406)) (<= (+ (* (const real 16.79970198150739) (var real x1)) (* (const real -116.79346015167847) (var real x2)) (* (const real -55.114526113845415) (var real x3)) (* (const real -32.09839874887578) (var real x4)) (* (const real 8.371742325092514) (var real x5))) (const real -38.78816512458404)))", "indices": [69], "solving_time": 0.12455606460571289, "selection_time": 0.2579021453857422}
{"type": "update", "theory": "(& (<= (+ (* (const real -250.3879990126884) (var real x1)) (* (const real 67.77768369893478) (var real x2)) (* (const real 194.87082430306344) (var real x3)) (* (const real -35.955079355855084) (var real x4)) (* (const real 38.12836008929842) (var real x5))) (const real 84.61456729659068)) (<= (+ (* (const real -4.607793358110237) (var real x1)) (* (const real 19.43582195578999) (var real x2)) (* (const real -8.445795064292792) (var real x3)) (* (const real -37.08871201071086) (var real x4)) (* (const real -23.20707487676286) (var real x5))) (const real -11.811887091902749)) (<= (+ (* (const real -4.363794004586014) (var real x1)) (* (const real 0.19277182050194622) (var real x2)) (* (const real 4.390075769413344) (var real x3)) (* (const real -0.947213164134468) (var real x4)) (* (const real -72.8133669138065) (var real x5))) (const real -7.168206450484085)) (<= (+ (* (const real -69.25412245395046) (var real x1)) (* (const real -29.122003573500585) (var real x2)) (* (const real -30.312132679181275) (var real x3)) (* (const real -17.167610872560804) (var real x4)) (* (const real 23.285211594726366) (var real x5))) (const real -36.98553685143406)) (<= (+ (* (const real 16.79970198150739) (var real x1)) (* (const real -116.79346015167847) (var real x2)) (* (const real -55.114526113845415) (var real x3)) (* (const real -32.09839874887578) (var real x4)) (* (const real 8.371742325092514) (var real x5))) (const real -38.78816512458404)))", "indices": [402], "solving_time": 1.852031946182251, "selection_time": 0.25722432136535645}
{"type": "update", "theory": "(& (<= (+ (* (const real -250.3879990126884) (var real x1)) (* (const real 67.77768369893478) (var real x2)) (* (const real 194.87082430306344) (var real x3)) (* (const real -35.955079355855084) (var real x4)) (* (const real 38.12836008929842) (var real x5))) (const real 84.61456729659068)) (<= (+ (* (const real -4.607793358110237) (var real x1)) (* (const real 19.43582195578999) (var real x2)) (* (const real -8.445795064292792) (var real x3)) (* (const real -37.08871201071086) (var real x4)) (* (const real -23.20707487676286) (var real x5))) (const real -11.811887091902749)) (<= (+ (* (const real -4.363794004586014) (var real x1)) (* (const real 0.19277182050194622) (var real x2)) (* (const real 4.390075769413344) (var real x3)) (* (const real -0.947213164134468) (var real x4)) (* (const real -72.8133669138065) (var real x5))) (const real -7.168206450484085)) (<= (+ (* (const real -462.91072667332) (var real x1)) (* (const real 99.04631470232162) (var real x2)) (* (const real -73.6672845452736) (var real x3)) (* (const real -42.26460657371848) (var real x4)) (* (const real -133.37841075138942) (var real x5))) (const real -210.98147072045444)) (<= (+ (* (const real 16.79970198150739) (var real x1)) (* (const real -116.79346015167847) (var real x2)) (* (const real -55.114526113845415) (var real x3)) (* (const real -32.09839874887578) (var real x4)) (* (const real 8.371742325092514) (var real x5))) (const real -38.78816512458404)))", "indices": [274], "solving_time": 3.8114020824432373, "selection_time": 0.25771594047546387}
{"type": "update", "theory": "(& (<= (+ (* (const real -250.3879990126884) (var real x1)) (* (const real 67.77768369893478) (var real x2)) (* (const real 194.87082430306344) (var real x3)) (* (const real -35.955079355855084) (var real x4)) (* (const real 38.12836008929842) (var real x5))) (const real 84.61456729659068)) (<= (+ (* (const real -4.607793358110237) (var real x1)) (* (const real 19.43582195578999) (var real x2)) (* (const real -8.445795064292792) (var real x3)) (* (const real -37.08871201071086) (var real x4)) (* (const real -23.20707487676286) (var real x5))) (const real -11.811887091902749)) (<= (+ (* (const real -4.363794004586014) (var real x1)) (* (const real 0.19277182050194622) (var real x2)) (* (const real 4.390075769413344) (var real x3)) (* (const real -0.947213164134468) (var real x4)) (* (const real -72.8133669138065) (var real x5))) (const real -7.168206450484085)) (<= (+ (* (const real -462.91072667332) (var real x1)) (* (const real 99.04631470232162) (var real x2)) (* (const real -73.6672845452736) (var real x3)) (* (const real -42.26460657371848) (var real x4)) (* (const real -133.37841075138942) (var real x5))) (const real -210.98147072045444)) (<= (+ (* (const real -4.5844317396873295) (var real x1)) (* (const real -45.559964616588026) (var real x2)) (* (const real -80.30910634847676) (var real x3)) (* (const real 3.9937582276275934) (var real x4)) (* (const real 5.9681879826587) (var real x5))) (const real -19.144254710413)))", "indices": [342], "solving_time": 2.8434157371520996, "selection_time": 0.254957914352417}
{"type": "update", "theory": "(& (<= (+ (* (const real -250.3879990126884) (var real x1)) (* (const real 67.77768369893478) (var real x2)) (* (const real 194.87082430306344) (var real x3)) (* (const real -35.955079355855084) (var real x4)) (* (const real 38.12836008929842) (var real x5))) (const real 84.61456729659068)) (<= (+ (* (const real -4.607793358110237) (var real x1)) (* (const real 19.43582195578999) (var real x2)) (* (const real -8.445795064292792) (var real x3)) (* (const real -37.08871201071086) (var real x4)) (* (const real -23.20707487676286) (var real x5))) (const real -11.811887091902749)) (<= (+ (* (const real -20.98582859723765) (var real x1)) (* (const real 2.3507158300015476) (var real x2)) (* (const real 62.05487401069833) (var real x3)) (* (const real -13.597858440899861) (var real x4)) (* (const real -951.4261249408283) (var real x5))) (const real -69.79360525907911)) (<= (+ (* (const real -462.91072667332) (var real x1)) (* (const real 99.04631470232162) (var real x2)) (* (const real -73.6672845452736) (var real x3)) (* (const real -42.26460657371848) (var real x4)) (* (const real -133.37841075138942) (var real x5))) (const real -210.98147072045444)) (<= (+ (* (const real -0.23521576383714043) (var real x1)) (* (const real -54.28905546471263) (var real x2)) (* (const real -74.10541562386977) (var real x3)) (* (const real -10.451931810244256) (var real x4)) (* (const real 5.941790379316008) (var real x5))) (const real -25.101669513766545)))", "indices": [120], "solving_time": 1.460193157196045, "selection_time": 0.25502514839172363}
{"type": "update", "theory": "(& (<= (+ (* (const real -250.3879990126884) (var real x1)) (* (const real 67.77768369893478) (var real x2)) (* (const real 194.87082430306344) (var real x3)) (* (const real -35.955079355855084) (var real x4)) (* (const real 38.12836008929842) (var real x5))) (const real 84.61456729659068)) (<= (+ (* (const real -4.607793358110237) (var real x1)) (* (const real 19.43582195578999) (var real x2)) (* (const real -8.445795064292792) (var real x3)) (* (const real -37.08871201071086) (var real x4)) (* (const real -23.20707487676286) (var real x5))) (const real -11.811887091902749)) (<= (+ (* (const real -1027.6528487333994) (var real x1)) (* (const real -438.3685509678889) (var real x2)) (* (const real 1283.0514049041929) (var real x3)) (* (const real -78.50952421468972) (var real x4)) (* (const real -26931.625028134426) (var real x5))) (const real -2387.2789065132943)) (<= (+ (* (const real -462.91072667332) (var real x1)) (* (const real 99.04631470232162) (var real x2)) (* (const real -73.6672845452736) (var real x3)) (* (const real -42.26460657371848) (var real x4)) (* (const real -133.37841075138942) (var real x5))) (const real -210.98147072045444)) (<= (+ (* (const real -0.23521576383714043) (var real x1)) (* (const real -54.28905546471263) (var real x2)) (* (const real -74.10541562386977) (var real x3)) (* (const real -10.451931810244256) (var real x4)) (* (const real 5.941790379316008) (var real x5))) (const real -25.101669513766545)))", "indices": [122], "solving_time": 0.24381303787231445, "selection_time": 0.25298190116882324}
{"type": "update", "theory": "(& (<= (+ (* (const real -16.688009566042) (var real x1)) (* (const real 4.5209403650344555) (var real x2)) (* (const real 5.725023366128442) (var real x3)) (* (const real -9.039313938603264) (var real x4)) (* (const real 8.76713874778578) (var real x5))) (const real 2.0608323286889543)) (<= (+ (* (const real -4.607793358110237) (var real x1)) (* (const real 19.43582195578999) (var real x2)) (* (const real -8.445795064292792) (var real x3)) (* (const real -37.08871201071086) (var real x4)) (* (const real -23.20707487676286) (var real x5))) (const real -11.811887091902749)) (<= (+ (* (const real -1027.6528487333994) (var real x1)) (* (const real -438.3685509678889) (var real x2)) (* (const real 1283.0514049041929) (var real x3)) (* (const real -78.50952421468972) (var real x4)) (* (const real -26931.625028134426) (var real x5))) (const real -2387.2789065132943)) (<= (+ (* (const real -1576.2266321181146) (var real x1)) (* (const real -93.13886918191267) (var real x2)) (* (const real -174.2531837905026) (var real x3)) (* (const real -73.9395923671404) (var real x4)) (* (const real -424.39491586101036) (var real x5))) (const real -756.9808278239442)) (<= (+ (* (const real -0.23521576383714043) (var real x1)) (* (const real -54.28905546471263) (var real x2)) (* (const real -74.10541562386977) (var real x3)) (* (const real -10.451931810244256) (var real x4)) (* (const real 5.941790379316008) (var real x5))) (const real -25.101669513766545)))", "indices": [157], "solving_time": 4.926544189453125, "selection_time": 0.2532317638397217}
{"type": "update", "theory": "(& (<= (+ (* (const real -21.790587992984594) (var real x1)) (* (const real 5.2530518095222485) (var real x2)) (* (const real 7.0719109424608915) (var real x3)) (* (const real -23.132997617477187) (var real x4)) (* (const real 10.910895997674578) (var real x5))) (const real -0.9300665577209741)) (<= (+ (* (const real -4.607793358110237) (var real x1)) (* (const real 19.43582195578999) (var real x2)) (* (const real -8.445795064292792) (var real x3)) (* (const real -37.08871201071086) (var real x4)) (* (const real -23.20707487676286) (var real x5))) (const real -11.811887091902749)) (<= (+ (* (const real -1027.6528487333994) (var real x1)) (* (const real -438.3685509678889) (var real x2)) (* (const real 1283.0514049041929) (var real x3)) (* (const real -78.50952421468972) (var real x4)) (* (const real -26931.625028134426) (var real x5))) (const real -2387.2789065132943)) (<= (+ (* (const real -1576.2266321181146) (var real x1)) (* (const real -93.13886918191267) (var real x2)) (* (const real -174.2531837905026) (var real x3)) (* (const real -73.9395923671404) (var real x4)) (* (const real -424.39491586101036) (var real x5))) (const real -756.9808278239442)) (<= (+ (* (const real -0.23521576383714043) (var real x1)) (* (const real -54.28905546471263) (var real x2)) (* (const real -74.10541562386977) (var real x3)) (* (const real -10.451931810244256) (var real x4)) (* (const real 5.941790379316008) (var real x5))) (const real -25.101669513766545)))", "indices": [132], "solving_time": 3.007274866104126, "selection_time": 0.2521059513092041}
{"type": "update", "theory": "(& (<= (+ (* (const real -43.393276339350614) (var real x1)) (* (const real 10.184229933827341) (var real x2)) (* (const real 12.777604068328552) (var real x3)) (* (const real -42.687618043134464) (var real x4)) (* (const real 25.135363957784875) (var real x5))) (const real 1.503376665235159)) (<= (+ (* (const real -4.607793358110237) (var real x1)) (* (const real 19.43582195578999) (var real x2)) (* (const real -8.445795064292792) (var real x3)) (* (const real -37.08871201071086) (var real x4)) (* (const real -23.20707487676286) (var real x5))) (const real -11.811887091902749)) (<= (+ (* (const real -1027.6528487333994) (var real x1)) (* (const real -438.3685509678889) (var real x2)) (* (const real 1283.0514049041929) (var real x3)) (* (const real -78.50952421468972) (var real x4)) (* (const real -26931.625028134426) (var real x5))) (const real -2387.2789065132943)) (<= (+ (* (const real -1576.2266321181146) (var real x1)) (* (const real -93.13886918191267) (var real x2)) (* (const real -174.2531837905026) (var real x3)) (* (const real -73.9395923671404) (var real x4)) (* (const real -424.39491586101036) (var real x5))) (const real -756.9808278239442)) (<= (+ (* (const real -0.23521576383714043) (var real x1)) (* (const real -54.28905546471263) (var real x2)) (* (const real -74.10541562386977) (var real x3)) (* (const real -10.451931810244256) (var real x4)) (* (const real 5.941790379316008) (var real x5))) (const real -25.101669513766545)))", "indices": [493], "solving_time": 7.325130939483643, "selection_time": 0.2515571117401123}
{"type": "update", "theory": "(& (<= (+ (* (const real -43.393276339350614) (var real x1)) (* (const real 10.184229933827341) (var real x2)) (* (const real 12.777604068328552) (var real x3)) (* (const real -42.687618043134464) (var real x4)) (* (const real 25.135363957784875) (var real x5))) (const real 1.503376665235159)) (<= (+ (* (const real 20.762599638200896) (var real x1)) (* (const real 64.47388494194514) (var real x2)) (* (const real 59.14470452515287) (var real x3)) (* (const real -273.262735983031) (var real x4)) (* (const real -878.7509556753155) (var real x5))) (const real -120.4481160322404)) (<= (+ (* (const real 12.163024926866761) (var real x1)) (* (const real 2.4586894617344437) (var real x2)) (* (const real -129.70310185101755) (var real x3)) (* (const real -261.93868981554743) (var real x4)) (* (const real -16.889036433976162) (var real x5))) (const real -93.47396980555953)) (<= (+ (* (const real -1664.1336441488093) (var real x1)) (* (const real -98.78282210618869) (var real x2)) (* (const real -184.5893814990919) (var real x3)) (* (const real -78.09479419299281) (var real x4)) (* (const real -447.1558334866823) (var real x5))) (const real -799.2555129659013)) (<= (+ (* (const real -0.23521576383714043) (var real x1)) (* (const real -54.28905546471263) (var real x2)) (* (const real -74.10541562386977) (var real x3)) (* (const real -10.451931810244256) (var real x4)) (* (const real 5.941790379316008) (var real x5))) (const real -25.101669513766545)))", "indices": [483], "solving_time": 17.907450199127197, "selection_time": 0.2519838809967041}
{"type": "update", "theory": "(& (<= (+ (* (const real -43.393276339350614) (var real x1)) (* (const real 10.184229933827341) (var real x2)) (* (const real 12.777604068328552) (var real x3)) (* (const real -42.687618043134464) (var real x4)) (* (const real 25.135363957784875) (var real x5))) (const real 1.503376665235159)) (<= (+ (* (const real -5.599679551760707) (var real x1)) (* (const real -0.4649656744499224) (var real x2)) (* (const real 8.91989569125914) (var real x3)) (* (const real -10.144337794148642) (var real x4)) (* (const real -169.5612044304557) (var real x5))) (const real -17.308543041083716)) (<= (+ (* (const real 12.163024926866761) (var real x1)) (* (const real 2.4586894617344437) (var real x2)) (* (const real -129.70310185101755) (var real x3)) (* (const real -261.93868981554743) (var real x4)) (* (const real -16.889036433976162) (var real x5))) (const real -93.47396980555953)) (<= (+ (* (const real -1664.1336441488093) (var real x1)) (* (const real -98.78282210618869) (var real x2)) (* (const real -184.5893814990919) (var real x3)) (* (const real -78.09479419299281) (var real x4)) (* (const real -447.1558334866823) (var real x5))) (const real -799.2555129659013)) (<= (+ (* (const real -0.23521576383714043) (var real x1)) (* (const real -54.28905546471263) (var real x2)) (* (const real -74.10541562386977) (var real x3)) (* (const real -10.451931810244256) (var real x4)) (* (const real 5.941790379316008) (var real x5))) (const real -25.101669513766545)))", "indices": [271], "solving_time": 1.1825840473175049, "selection_time": 0.252335786819458}
{"type": "update", "theory": "(& (<= (+ (* (const real -43.393276339350614) (var real x1)) (* (const real 10.184229933827341) (var real x2)) (* (const real 12.777604068328552) (var real x3)) (* (const real -42.687618043134464) (var real x4)) (* (const real 25.135363957784875) (var real x5))) (const real 1.503376665235159)) (<= (+ (* (const real -4.182973988282851) (var real x1)) (* (const real -1.0160277952958319) (var real x2)) (* (const real 5.541336046095143) (var real x3)) (* (const real -5.139909317149392) (var real x4)) (* (const real -154.38784068953632) (var real x5))) (const real -14.715680710480257)) (<= (+ (* (const real 12.163024926866761) (var real x1)) (* (const real 2.4586894617344437) (var real x2)) (* (const real -129.70310185101755) (var real x3)) (* (const real -261.93868981554743) (var real x4)) (* (const real -16.889036433976162) (var real x5))) (const real -93.47396980555953)) (<= (+ (* (const real -1664.1336441488093) (var real x1)) (* (const real -98.78282210618869) (var real x2)) (* (const real -184.5893814990919) (var real x3)) (* (const real -78.09479419299281) (var real x4)) (* (const real -447.1558334866823) (var real x5))) (const real -799.2555129659013)) (<= (+ (* (const real -0.23521576383714043) (var real x1)) (* (const real -54.28905546471263) (var real x2)) (* (const real -74.10541562386977) (var real x3)) (* (const real -10.451931810244256) (var real x4)) (* (const real 5.941790379316008) (var real x5))) (const real -25.101669513766545)))", "indices": [119], "solving_time": 3.8552069664001465, "selection_time": 0.25313305854797363}
{"type": "update", "theory": "(& (<= (+ (* (const real -43.393276339350614) (var real x1)) (* (const real 10.184229933827341) (var real x2)) (* (const real 12.777604068328552) (var real x3)) (* (const real -42.687618043134464) (var real x4)) (* (const real 25.135363957784875) (var real x5))) (const real 1.503376665235159)) (<= (+ (* (const real -4.182973988282851) (var real x1)) (* (const real -1.0160277952958319) (var real x2)) (* (const real 5.541336046095143) (var real x3)) (* (const real -5.139909317149392) (var real x4)) (* (const real -154.38784068953632) (var real x5))) (const real -14.715680710480257)) (<= (+ (* (const real 12.163024926866761) (var real x1)) (* (const real 2.4586894617344437) (var real x2)) (* (const real -129.70310185101755) (var real x3)) (* (const real -261.93868981554743) (var real x4)) (* (const real -16.889036433976162) (var real x5))) (const real -93.47396980555953)) (<= (+ (* (const real -105.03538081537171) (var real x1)) (* (const real 13.473858223811403) (var real x2)) (* (const real -19.56887158367757) (var real x3)) (* (const real -7.500633995984063) (var real x4)) (* (const real -25.606059719739036) (var real x5))) (const real -49.1307283796824)) (<= (+ (* (const real -5.1317954086205155) (var real x1)) (* (const real -68.71881650986548) (var real x2)) (* (const real -80.30488793112072) (var real x3)) (* (const real -14.103808882476471) (var real x4)) (* (const real 12.392248669282855) (var real x5))) (const real -32.29968012256005)))", "indices": [233], "solving_time": 0.7254641056060791, "selection_time": 0.24962997436523438}
{"type": "update", "theory": "(& (<= (+ (* (const real -105.03538081537171) (var real x1)) (* (const real 13.473858223811403) (var real x2)) (* (const real -19.56887158367757) (var real x3)) (* (const real -7.500633995984063) (var real x4)) (* (const real -25.606059719739036) (var real x5))) (const real -49.1307283796824)) (<= (+ (* (const real -8.81612319944047) (var real x1)) (* (const real 48.23621023670705) (var real x2)) (* (const real -163.46960168737954) (var real x3)) (* (const real -379.2156422594736) (var real x4)) (* (const real -41.22794115955351) (var real x5))) (const real -125.53632040654651)) (<= (+ (* (const real 0.22751348817606062) (var real x1)) (* (const real -48.006137541040474) (var real x2)) (* (const real -38.47648816761264) (var real x3)) (* (const real -1.331686372559552) (var real x4)) (* (const real 2.0830361052366553) (var real x5))) (const real -13.858899331438277)) (<= (+ (* (const real -144.71980016076589) (var real x1)) (* (const real -130.03115086227385) (var real x2)) (* (const real 154.2118514242536) (var real x3)) (* (const real -1523.5267000492238) (var real x4)) (* (const real 134.46191721689758) (var real x5))) (const real -288.7642247466231)) (<= (+ (* (const real -0.28800771586489565) (var real x1)) (* (const real -0.5771165927156806) (var real x2)) (* (const real 3.6287598118988997) (var real x3)) (* (const real -1.5315133003777976) (var real x4)) (* (const real -104.93125528198752) (var real x5))) (const real -7.714963423126842)))", "indices": [347], "solving_time": 83.99226999282837, "selection_time": 0.24906492233276367}
{"type": "update", "theory": "(& (<= (+ (* (const real -1.9426089081854763) (var real x1)) (* (const real 6.79912203496896) (var real x2)) (* (const real -97.14810958744303) (var real x3)) (* (const real -197.3153153032538) (var real x4)) (* (const real -14.52670116108835) (var real x5))) (const real -73.76552033787694)) (<= (+ (* (const real -154.0640111719826) (var real x1)) (* (const real 5.135871883288319) (var real x2)) (* (const real 1.1860125851969432) (var real x3)) (* (const real -5.431203987234941) (var real x4)) (* (const real -32.07160442817727) (var real x5))) (const real -53.34719562511393)) (<= (+ (* (const real 94.05866424172028) (var real x1)) (* (const real -630.1134847285377) (var real x2)) (* (const real -1320.8640003532792) (var real x3)) (* (const real 160.4495878840068) (var real x4)) (* (const real 193.94549145160872) (var real x5))) (const real -36.372261377270384)) (<= (+ (* (const real -107.61264473067705) (var real x1)) (* (const real 7.52527403480432) (var real x2)) (* (const real 127.41701786796594) (var real x3)) (* (const real -658.7828450424643) (var real x4)) (* (const real 135.85371257566044) (var real x5))) (const real -37.266812388662046)) (<= (+ (* (const real -2.206197841675852) (var real x1)) (* (const real -2.5739130623439754) (var real x2)) (* (const real 0.07448541639693607) (var real x3)) (* (const real 3.308743612518959) (var real x4)) (* (const real -155.95292941115048) (var real x5))) (const real -12.70648283693993)))", "indices": [355], "solving_time": 25.897332906723022, "selection_time": 0.24952220916748047}
{"type": "update", "theory": "(& (<= (+ (* (const real -8.81612319944047) (var real x1)) (* (const real 48.23621023670705) (var real x2)) (* (const real -163.46960168737954) (var real x3)) (* (const real -379.2156422594736) (var real x4)) (* (const real -41.22794115955351) (var real x5))) (const real -125.53632040654651)) (<= (+ (* (const real -160.35926693361483) (var real x1)) (* (const real -0.6246021541297094) (var real x2)) (* (const real 1.4630002853950357) (var real x3)) (* (const real -2.021676876212927) (var real x4)) (* (const real 1.6010130731335377) (var real x5))) (const real -38.097499567621334)) (<= (+ (* (const real -144.71980016076589) (var real x1)) (* (const real -130.03115086227385) (var real x2)) (* (const real 154.2118514242536) (var real x3)) (* (const real -1523.5267000492238) (var real x4)) (* (const real 134.46191721689758) (var real x5))) (const real -288.7642247466231)) (<= (+ (* (const real -1.4004251680106456) (var real x1)) (* (const real -13.620567124474558) (var real x2)) (* (const real -26.10795303457159) (var real x3)) (* (const real -0.3321578786718873) (var real x4)) (* (const real 2.413826906294581) (var real x5))) (const real -6.783696798725532)) (<= (+ (* (const real -1027.6528487333994) (var real x1)) (* (const real -438.3685509678889) (var real x2)) (* (const real 1283.0514049041929) (var real x3)) (* (const real -78.50952421468972) (var real x4)) (* (const real -26931.625028134426) (var real x5))) (const real -2387.2789065132943)))", "indices": [224], "solving_time": 94.37194800376892, "selection_time": 0.24774813652038574}
